date,section,exports,imports,trade_balance,exports_yoy_pct,exports_yoy_zscore,is_sector_spike
2000-01-01,0,491.864874,846.099009,-354.23413500000004,,,False
2000-02-01,0,425.641394,830.343028,-404.701634,,,False
2000-03-01,0,553.169207,916.847192,-363.6779849999999,,,False
2000-04-01,0,509.671983,902.658686,-392.986703,,,False
2000-05-01,0,553.327793,998.721851,-445.394058,,,False
2000-06-01,0,574.066614,912.421156,-338.35454200000004,,,False
2000-07-01,0,551.376941,943.803644,-392.426703,,,False
2000-08-01,0,564.107493,936.668912,-372.561419,,,False
2000-09-01,0,579.122481,1010.042988,-430.92050700000004,,,False
2000-10-01,0,541.286968,1053.360696,-512.073728,,,False
2000-11-01,0,580.391685,982.309825,-401.91814,,,False
2000-12-01,0,546.274866,1059.83612,-513.561254,,,False
2001-01-01,0,488.496781,1000.678835,-512.1820540000001,-0.6847598147453726,-0.8446448589271811,False
2001-02-01,0,506.056455,977.962266,-471.90581099999997,18.892678704083,0.7904025440475149,False
2001-03-01,0,520.62727,931.108312,-410.481042,-5.882817877098512,-1.2787706679388298,False
2001-04-01,0,527.119076,938.563839,-411.4447630000001,3.423200329220366,-0.5015606725840585,False
2001-05-01,0,553.798125,1089.869896,-536.0717709999999,0.08500061011755822,-0.7803568376738186,False
2001-06-01,0,547.169168,1029.817569,-482.64840100000004,-4.68542244820388,-1.1787678874696152,False
2001-07-01,0,559.665097,954.13317,-394.468073,1.5031742141715654,-0.6619153436016647,False
2001-08-01,0,579.510226,1034.258649,-454.7484230000001,2.7304606287156696,-0.5594161600196772,False
2001-09-01,0,557.334557,1036.878312,-479.54375500000003,-3.7622307395799415,-1.1016657576796716,False
2001-10-01,0,562.199767,1124.235746,-562.0359790000001,3.8635326982414897,-0.46478546852857056,False
2001-11-01,0,624.307845,1067.49485,-443.187005,7.566641827406606,-0.15551319275305386,False
2001-12-01,0,554.984663,1091.952831,-536.9681680000001,1.5943982676296153,-0.6542965914573553,False
2002-01-01,0,618.80789,1092.015086,-473.20719600000007,26.67594016346242,1.4404365831580084,False
2002-02-01,0,507.922027,851.369244,-343.44721699999997,0.36864898798691925,-0.7566673982638954,False
2002-03-01,0,608.539699,1038.511131,-429.97143199999994,16.885867119484566,0.6227998177510425,False
2002-04-01,0,589.273368,1032.066729,-442.7933609999999,11.791319045338454,0.19731884433609745,False
2002-05-01,0,575.206682,996.594785,-421.388103,3.865769137445163,-0.46459868801035514,False
2002-06-01,0,568.683676,941.611765,-372.928089,3.931966429804379,-0.4590700939171188,False
2002-07-01,0,629.609655,1128.26692,-498.65726500000005,12.497573705226085,0.25630305957842703,False
2002-08-01,0,610.320314,1004.156211,-393.83589699999993,5.316573654387957,-0.34343196053628333,False
2002-09-01,0,667.441109,1067.077977,-399.63686799999994,19.755916911500606,0.8624975419620405,False
2002-10-01,0,718.628382,1162.427932,-443.79955000000007,27.824382751834207,1.5363509730705047,False
2002-11-01,0,733.003956,1203.712015,-470.70805900000005,17.410659159665045,0.6666288335629761,False
2002-12-01,0,649.558467,921.569677,-272.01121,17.040795954391985,0.6357389971496983,False
2003-01-01,0,755.813515,1202.577527,-446.76401199999987,22.14025179931045,1.0616298524727397,False
2003-02-01,0,557.425271,871.30967,-313.88439900000003,9.746229021093411,0.02651922058677821,False
2003-03-01,0,677.252281,1109.637525,-432.38524400000006,11.291388567239547,0.15556618966182117,False
2003-04-01,0,680.298827,883.932738,-203.633911,15.447068193314294,0.5026357602633896,False
2003-05-01,0,638.476867,931.179513,-292.7026460000001,10.999556677611743,0.13119328853983642,False
2003-06-01,0,682.078088,960.067111,-277.989023,19.93980428585398,0.8778552494367524,False
2003-07-01,0,676.11731,1106.935635,-430.8183250000001,7.38674425188095,-0.17053768451083828,False
2003-08-01,0,704.538863,843.098442,-138.55957899999999,15.43755743316122,0.5018414508508665,False
2003-09-01,0,702.981181,963.707116,-260.72593500000005,5.324825144985179,-0.34274282144085555,False
2003-10-01,0,824.924714,1217.635124,-392.7104099999999,14.791557731712302,0.447889544264075,False
2003-11-01,0,700.517083,1196.17971,-495.66262699999993,-4.432018781628521,-1.1576043932494784,False
2003-12-01,0,823.534906,1441.387094,-617.852188,26.783799740693716,1.44944468304137,False
2004-01-01,0,669.946869,1351.476313,-681.5294439999999,-11.3608243694875,-1.7362769081063083,False
2004-02-01,0,712.309222,1063.270886,-350.96166400000004,27.78559908526286,1.5331118806200632,False
2004-03-01,0,800.518012,1286.647208,-486.1291960000001,18.20085874321329,0.7326238704351217,False
2004-04-01,0,863.161439,1401.939326,-538.777887,26.879748243340718,1.4574580066394194,False
2004-05-01,0,796.464765,1239.866057,-443.4012919999999,24.744498378200454,1.279128510503242,False
2004-06-01,0,880.772147,1470.493201,-589.721054,29.13069082494848,1.6454498023364588,False
2004-07-01,0,869.89283,1449.482611,-579.5897809999999,28.660044216291404,1.6061428462980825,False
2004-08-01,0,870.151262,1437.291495,-567.140233,23.50649590780629,1.175734354922189,False
2004-09-01,0,892.520987,1424.039514,-531.5185270000001,26.96228734464514,1.4643514183133661,False
2004-10-01,0,934.018181,1518.507087,-584.4889059999999,13.22465737158167,0.31702684932633973,False
2004-11-01,0,796.465584,1322.851799,-526.386215,13.696811016955612,0.3564596684324369,False
2004-12-01,0,940.201831,1516.207549,-576.005718,14.166603522206977,0.3956952923834189,False
2005-01-01,0,788.861275,1529.79419,-740.9329150000001,17.74982636720106,0.6949550347318677,False
2005-02-01,0,721.091699,1140.178872,-419.087173,1.2329584861109577,-0.6844829294471523,False
2005-03-01,0,936.103843,1464.390135,-528.2862920000001,16.937261743961862,0.6270921385874813,False
2005-04-01,0,843.887467,1693.925472,-850.0380049999999,-2.2329510018808896,-0.9739450213258385,False
2005-05-01,0,862.581569,1226.076065,-363.494496,8.301284238229911,-0.09415811993407917,False
2005-06-01,0,884.680773,1568.560633,-683.87986,0.44377266167114904,-0.7503933002790549,False
2005-07-01,0,876.860366,1575.732681,-698.872315,0.8009648728797947,-0.7205617062869296,False
2005-08-01,0,960.401471,1357.42438,-397.0229089999999,10.371783957718383,0.07876364334734437,False
2005-09-01,0,1007.950141,1497.565628,-489.61548700000003,12.932934427456777,0.29266304699740847,False
2005-10-01,0,1042.556403,1674.862101,-632.3056979999999,11.620568443731404,0.18305827968431876,False
2005-11-01,0,835.027274,1365.962053,-530.9347789999999,4.84160154244655,-0.3831001692944575,False
2005-12-01,0,994.944167,1685.697044,-690.752877,5.822402615593303,-0.3011866827093205,False
2006-01-01,0,856.111006,1475.040809,-618.9298030000001,8.524912190676371,-0.07548140170413908,False
2006-02-01,0,779.645226,1393.848279,-614.2030530000001,8.120122181575695,-0.10928821726346961,False
2006-03-01,0,971.002805,1609.91182,-638.9090150000001,3.7281079723117783,-0.4760957247818072,False
2006-04-01,0,877.837288,1752.88483,-875.047542,4.023027041827132,-0.45146499189838957,False
2006-05-01,0,989.455168,1650.607954,-661.1527860000001,14.708591460757269,0.4409604566957979,False
2006-06-01,0,923.962105,1666.700845,-742.7387400000001,4.440170194588355,-0.41662647980524914,False
2006-07-01,0,939.836065,1564.58159,-624.745525,7.181952958745086,-0.18764122293705235,False
2006-08-01,0,1007.767979,1802.519869,-794.75189,4.931948714185164,-0.37555465161218976,False
2006-09-01,0,1082.203208,1900.144255,-817.941047,7.366740077672151,-0.17220837156508662,False
2006-10-01,0,963.317265,1672.545434,-709.2281689999999,-7.600465334248208,-1.4222232963987644,False
2006-11-01,0,1070.887508,1708.81242,-637.924912,28.245812004459147,1.5715474470310424,False
2006-12-01,0,1019.513866,1770.344344,-750.8304780000001,2.4694550523456593,-0.5812145423461124,False
2007-01-01,0,1063.357572,1854.875338,-791.5177660000002,24.20790815063998,1.2343141463978164,False
2007-02-01,0,875.984014,1640.785514,-764.8014999999999,12.356746990457435,0.24454164584544602,False
2007-03-01,0,1113.137914,1979.927009,-866.7890950000001,14.637970999476146,0.43506245314934183,False
2007-04-01,0,1080.300771,1875.505571,-795.2048,23.063896438174545,1.1387698096021577,False
2007-05-01,0,1073.430948,1789.93261,-716.5016620000001,8.487072756387892,-0.07864163478079551,False
2007-06-01,0,1045.789667,1880.421057,-834.63139,13.185341838234809,0.3137433369999683,False
2007-07-01,0,1123.618533,1762.982901,-639.364368,19.554736708257735,0.8456955906482452,False
2007-08-01,0,1241.039175,2328.786914,-1087.747739,23.147311768277557,1.1457364012082065,False
2007-09-01,0,1312.080614,2207.031286,-894.9506719999999,21.241611954268038,0.9865782187550252,False
2007-10-01,0,1252.916021,2049.071188,-796.1551669999999,30.0626560450985,1.7232846688029542,False
2007-11-01,0,1323.412319,1950.867611,-627.4552919999999,23.580890533648848,1.1819475650754052,False
2007-12-01,0,1345.424631,2095.667996,-750.243365,31.967271448567036,1.882352284625721,False
2008-01-01,0,1343.392412,2249.332724,-905.940312,26.33496458517719,1.4119593524305625,False
2008-02-01,0,1168.752553,2141.070124,-972.3175709999998,33.42167600332488,2.003819676176682,False
2008-03-01,0,1390.029822,2126.88878,-736.8589580000003,24.8748968584678,1.290018990190251,False
2008-04-01,0,1385.386697,2411.50011,-1026.113413,28.240832015475803,1.5711315336802623,False
2008-05-01,0,1478.237328,2345.244053,-867.006725,37.71145044348023,2.362088432887506,False
2008-06-01,0,1529.913812,2497.36329,-967.4494779999998,46.292687743681824,3.078766957941246,True
2008-07-01,0,1617.410439,3032.41387,-1415.0034309999999,43.946578976550214,2.8828271753642007,False
2008-08-01,0,1857.528478,2404.578639,-547.0501609999999,49.675249212016226,3.3612680797751064,True
2008-09-01,0,1662.793056,2257.600236,-594.8071800000002,26.72948889404139,1.4449088083054162,False
2008-10-01,0,1476.984718,1889.08662,-412.1019020000001,17.88377618646477,0.7061421113203309,False
2008-11-01,0,1591.842592,2134.327521,-542.4849290000002,20.283192860319744,0.9065340061776537,False
2008-12-01,0,1349.440017,2479.85472,-1130.414703,0.29844748694807244,-0.7625304115405352,False
2009-01-01,0,1220.565721,2204.213752,-983.6480310000002,-9.143024026549284,-1.551053050166463,False
2009-02-01,0,1254.665437,1861.921722,-607.2562849999999,7.350818937633585,-0.1735380561735924,False
2009-03-01,0,1282.217642,2302.641917,-1020.4242749999999,-7.756105537712699,-1.4352218871096138,False
2009-04-01,0,1254.279473,2247.12082,-992.841347,-9.463583292946831,-1.577825173369338,False
2009-05-01,0,1340.19599,2221.490522,-881.2945320000001,-9.338239224872291,-1.5673568226304782,False
2009-06-01,0,1367.87753,2046.973503,-679.095973,-10.591203290607332,-1.6720005246004994,False
2009-07-01,0,1296.775077,2493.769506,-1196.994429,-19.82399484191779,-2.4430948551309433,False
2009-08-01,0,1294.423456,2199.972585,-905.549129,-30.314745031865943,-3.3192500189862377,True
2009-09-01,0,1230.72383,2222.967513,-992.2436830000001,-25.984545968659624,-2.9576051221908894,False
2009-10-01,0,1448.992251,2399.792374,-950.8001230000002,-1.8952441862705838,-0.9457407875952896,False
2009-11-01,0,1293.427604,2130.757155,-837.3295509999998,-18.746513600008008,-2.3531069384459173,False
2009-12-01,0,1506.853234,2400.499163,-893.645929,11.66507699615671,0.18677549697927645,False
2010-01-01,0,1413.867598,2600.360909,-1186.493311,15.837072406197784,0.5352077116354276,False
2010-02-01,0,1187.106832,2007.992743,-820.8859110000001,-5.3845912231023085,-1.2371603114090004,False
2010-03-01,0,1543.728641,2434.839846,-891.1112049999999,20.395211423865266,0.9158894517960329,False
2010-04-01,0,1473.327184,2632.139078,-1158.8118940000002,17.464027412971927,0.6710859858041537,False
2010-05-01,0,1397.776912,2364.721326,-966.9444139999998,4.296455326657123,-0.4286291032002262,False
2010-06-01,0,1515.580182,2642.802492,-1127.2223099999999,10.79794416975326,0.11435523247523964,False
2010-07-01,0,1590.915997,2780.054059,-1189.138062,22.682493303347172,1.1069161937940348,False
2010-08-01,0,1545.24376,2390.7019,-845.45814,19.37699002883335,0.8308507351120773,False
2010-09-01,0,1462.438464,2448.625743,-986.187279,18.82750852398789,0.7849597312089802,False
2010-10-01,0,1676.019978,2315.749432,-639.729454,15.667973851711103,0.521085120873908,False
2010-11-01,0,1602.823959,2792.803926,-1189.979967,23.92065501332845,1.2103236485752413,False
2010-12-01,0,1759.139886,2841.968556,-1082.8286699999999,16.742616089444585,0.6108359326689845,False
2011-01-01,0,1628.916283,2715.166128,-1086.2498449999998,15.209959214299772,0.48283314819098677,False
2011-02-01,0,1298.484107,2237.860949,-939.3768419999999,9.382245304102499,-0.003879579063069123,False
2011-03-01,0,1707.15949,2670.584894,-963.4254040000001,10.586760176589882,0.09671779542036027,False
2011-04-01,0,1686.566468,2946.477668,-1259.9112,14.473314978216,0.42131088908815856,False
2011-05-01,0,1684.706807,2909.747006,-1225.040199,20.52758866859863,0.9269451918003275,False
2011-06-01,0,1730.539282,2657.85519,-927.3159080000003,14.183287862495941,0.3970887171275999,False
2011-07-01,0,1760.206739,3340.068672,-1579.861933,10.641086161634705,0.10125493446825733,False
2011-08-01,0,1802.108477,2811.01645,-1008.9079730000001,16.62292536939285,0.6008397321551864,False
2011-09-01,0,1659.414426,2911.267224,-1251.8527980000001,13.469008566776864,0.3374343090015891,False
2011-10-01,0,1852.540856,2761.123373,-908.5825169999998,10.532146413352606,0.09215662202365144,False
2011-11-01,0,1849.503721,3127.201024,-1277.697303,15.39032160174989,0.4978964596099455,False
2011-12-01,0,1895.072389,3404.149851,-1509.0774620000002,7.727213968701974,-0.14210270177577003,False
2012-01-01,0,1526.154487,2971.039482,-1444.8849950000001,-6.308598979116475,-1.3143305949650665,False
2012-02-01,0,1629.187894,2630.514377,-1001.326483,25.468450881855876,1.3395907951805972,False
2012-03-01,0,1735.642736,2898.189318,-1162.5465820000002,1.6684584051370521,-0.6481113167402862,False
2012-04-01,0,1606.542187,2858.60126,-1252.059073,-4.744804460324414,-1.183727290335711,False
2012-05-01,0,1798.830758,3026.228211,-1227.397453,6.774113485255251,-0.2217027203754838,False
2012-06-01,0,1718.673366,3055.428468,-1336.755102,-0.6856773563837515,-0.8447214891804958,False
2012-07-01,0,1718.42394,2867.958287,-1149.534347,-2.373743837825404,-0.9857036056037114,False
2012-08-01,0,1644.694536,3153.499924,-1508.8053880000002,-8.734986989354255,-1.5169750528155026,False
2012-09-01,0,1782.839982,3065.036894,-1282.1969119999999,7.437898216753225,-0.16626546282382684,False
2012-10-01,0,1844.583189,3254.928627,-1410.3454379999998,-0.4295541971032324,-0.8233308713006064,False
2012-11-01,0,1895.356457,3136.884092,-1241.5276349999997,2.479191335457709,-0.580401397950247,False
2012-12-01,0,1790.970939,3172.197844,-1381.2269049999998,-5.493270368153724,-1.2462368590739532,False
2013-01-01,0,1782.513081,3024.862855,-1242.3497739999998,16.79768307754548,0.6154349580112126,False
2013-02-01,0,1475.043436,2521.610855,-1046.567419,-9.461429130899246,-1.5776452643859384,False
2013-03-01,0,1926.44137,3238.917582,-1312.476212,10.99296704572501,0.1306429427684731,False
2013-04-01,0,1868.161214,3055.51013,-1187.3489160000001,16.28460361122157,0.5725841403148251,False
2013-05-01,0,1785.445129,3408.218954,-1622.773825,-0.7441294263215048,-0.8496032261379791,False
2013-06-01,0,1735.944342,2768.494653,-1032.5503110000002,1.004901591056595,-0.7035295393307941,False
2013-07-01,0,1909.388514,3474.78684,-1565.3983260000002,11.112774301782613,0.14064887601076695,False
2013-08-01,0,1768.079556,3288.452427,-1520.3728710000003,7.502002183340384,-0.1609116968555206,False
2013-09-01,0,1822.570215,3472.837175,-1650.2669600000002,2.228480031922464,-0.6013400342967468,False
2013-10-01,0,2065.677545,3548.012463,-1482.334918,11.986141764626046,0.2135898381591805,False
2013-11-01,0,2005.575454,3445.566368,-1439.9909139999997,5.815212045889062,-0.3017872169574306,False
2013-12-01,0,1955.700463,3610.089732,-1654.389269,9.197777608383628,-0.019285753191916097,False
2014-01-01,0,1924.147905,3861.978956,-1937.831051,7.945794368058268,-0.12384753964284005,False
2014-02-01,0,1864.437058,3085.466347,-1221.029289,26.3987901980671,1.4172898711548862,False
2014-03-01,0,2147.872213,3359.734415,-1211.8622019999998,11.494294425373553,0.17251226236031497,False
2014-04-01,0,2217.051378,3245.695902,-1028.6445239999998,18.675591880690877,0.7722721207816748,False
2014-05-01,0,2148.240165,3812.96116,-1664.7209949999997,20.319584741492225,0.9095733440738346,False
2014-06-01,0,2107.86134,3620.084671,-1512.2233310000001,21.42447709881703,1.0018505527430424,False
2014-07-01,0,2063.86498,3370.290533,-1306.425553,8.09036321667116,-0.11177359441000392,False
2014-08-01,0,2274.56362,3877.515677,-1602.952057,28.645999682607037,1.60496989007582,False
2014-09-01,0,2250.05578,3322.208566,-1072.1527859999997,23.455094431025802,1.1714414618024804,False
2014-10-01,0,2266.552649,3885.595069,-1619.0424199999998,9.72441727346174,0.024697570564217515,False
2014-11-01,0,2103.281134,3342.400973,-1239.119839,4.871703021949725,-0.3805861863829531,False
2014-12-01,0,2278.736181,3858.698029,-1579.961848,16.517647978897077,0.5920472885596406,False
2015-01-01,0,2135.105038,3775.777748,-1640.6727099999998,10.963665134671663,0.12819573735271386,False
2015-02-01,0,1821.181716,3255.047678,-1433.8659619999999,-2.320021575112885,-0.9812168875866658,False
2015-03-01,0,2210.867191,3562.183291,-1351.3161,2.932901576673075,-0.542508915188074,False
2015-04-01,0,2130.335665,3570.287439,-1439.9517740000001,-3.911308229501931,-1.1141162507564095,False
2015-05-01,0,2086.501793,3586.721496,-1500.2197030000002,-2.873904557128526,-1.027475489314649,False
2015-06-01,0,2183.226352,3671.422585,-1488.1962329999997,3.5754255068789487,-0.48884729431658724,False
2015-07-01,0,2190.727836,3563.16526,-1372.4374240000002,6.146858308531411,-0.27408914195552847,False
2015-08-01,0,2346.906755,3660.877845,-1313.97109,3.1805280961980875,-0.5218279105067085,False
2015-09-01,0,2529.564212,4048.832938,-1519.2687259999998,12.422289015430543,0.25001551402360017,False
2015-10-01,0,2693.041547,4374.691473,-1681.649926,18.816633189092947,0.7840514567143696,False
2015-11-01,0,2396.613357,3798.52207,-1401.9087129999998,13.946410599050264,0.3773054572262537,False
2015-12-01,0,2645.829834,4475.945042,-1830.1152080000002,16.109528433383822,0.5579624003679143,False
2016-01-01,0,2428.684025,4163.593028,-1734.9090030000002,13.750095745874958,0.3609098449738674,False
2016-02-01,0,2117.385997,3537.151419,-1419.765422,16.264400108879617,0.5708968059884557,False
2016-03-01,0,2501.151056,4143.094034,-1641.9429779999996,13.129864434267603,0.30911003498790374,False
2016-04-01,0,2362.982892,3558.230699,-1195.2478070000002,10.9206840415921,0.12460608876057727,False
2016-05-01,0,2409.603205,3564.708145,-1155.1049400000002,15.485316767230795,0.505830163422389,False
2016-06-01,0,2573.547533,3747.489443,-1173.94191,17.878182014541743,0.7056749033009699,False
2016-07-01,0,2217.211001,3444.093288,-1226.882287,1.208875176770241,-0.686494293311465,False
2016-08-01,0,2533.010728,4056.947069,-1523.9363409999996,7.929755735012156,-0.12518703690567595,False
2016-09-01,0,2572.322572,4022.059267,-1449.736695,1.690344913845565,-0.6462834229027129,False
2016-10-01,0,2693.604881,3875.609068,-1182.004187,0.020918132534131217,-0.7857088089466794,False
2016-11-01,0,2878.10049,4315.024505,-1436.9240150000005,20.09031334126874,0.8904253024568859,False
2016-12-01,0,2930.394348,4337.812406,-1407.4180580000002,10.755208454573628,0.11078607708999752,False
2017-01-01,0,2349.394638,4300.048596,-1950.6539579999994,-3.2647057494438747,-1.0601140019556206,False
2017-02-01,0,2495.675888,4044.910324,-1549.2344359999997,17.865891789970135,0.7046484615757945,False
2017-03-01,0,2925.490215,4750.126246,-1824.636031,16.965754946389765,0.6294718031481626,False
2017-04-01,0,2607.078941,4080.441338,-1473.3623969999999,10.32999645602175,0.07527367983346733,False
2017-05-01,0,2772.86014,4804.25463,-2031.3944900000006,15.075383957251987,0.4715938369639835,False
2017-06-01,0,2460.629599,4009.886913,-1549.257314,-4.387637397486532,-1.1538977966581014,False
2017-07-01,0,2626.333579,4051.405563,-1425.0719839999997,18.45212646949157,0.7536089774963721,False
2017-08-01,0,2818.692391,4487.166439,-1668.4740479999996,11.278343981810401,0.15447674603985326,False
2017-09-01,0,2573.977258,3850.459543,-1276.482285,0.06432653579342418,-0.7820834727236528,False
2017-10-01,0,2710.597367,4524.254531,-1813.6571639999997,0.6308455304584681,-0.7347695501146215,False
2017-11-01,0,2912.756613,4440.072901,-1527.3162879999995,1.2041317917985683,-0.6868904462234909,False
2017-12-01,0,2588.338455,3945.192926,-1356.854471,-11.672691534961965,-1.7623230937956003,False
2018-01-01,0,2535.435605,4492.156449,-1956.720844,7.918676751487497,-0.12611231950698115,False
2018-02-01,0,2155.83279,3604.423679,-1448.590889,-13.617276972305314,-1.9247288838141883,False
2018-03-01,0,2721.07288,4046.419045,-1325.346165,-6.9874557758519025,-1.3710266250114125,False
2018-04-01,0,2528.325148,4127.306143,-1598.980995,-3.0207674866106093,-1.0397410291201752,False
2018-05-01,0,2622.5091,4172.719735,-1550.2106349999995,-5.42223669456331,-1.2403043453073508,False
2018-06-01,0,2518.420204,4210.616906,-1692.1967020000002,2.348610494789072,-0.591307107816641,False
2018-07-01,0,2648.120056,4122.567655,-1474.4475989999996,0.8295395974907249,-0.7181752332444585,False
2018-08-01,0,2693.500421,4462.932119,-1769.4316979999999,-4.441491040304147,-1.158395487137118,False
2018-09-01,0,2655.098485,4070.600538,-1415.5020530000002,3.1515906656856663,-0.5242446756296122,False
2018-10-01,0,2897.893479,4293.74101,-1395.847531,6.909772520265278,-0.21037289534909556,False
2018-11-01,0,2763.384553,4266.94894,-1503.5643870000004,-5.128202587656439,-1.2157475217769538,False
2018-12-01,0,2835.658325,4302.866678,-1467.2083530000004,9.55515958595916,0.010561689503043996,False
2019-01-01,0,2628.794867,4775.700242,-2146.905375,3.682178392379254,-0.47993162192004457,False
2019-02-01,0,2195.785579,3447.990134,-1252.2045550000003,1.8532415494060706,-0.6326787973195261,False
2019-03-01,0,2898.791529,4346.093747,-1447.3022179999998,6.531197686994683,-0.24199030011710754,False
2019-04-01,0,2850.844295,4558.448487,-1707.6041919999998,12.756236960073153,0.27790581842126216,False
2019-05-01,0,2998.644783,4313.84942,-1315.2046369999994,14.342588286919566,0.4103929982262798,False
2019-06-01,0,2487.61646,3883.836055,-1396.219595,-1.2231375824842239,-0.8896085128860036,False
2019-07-01,0,3002.273554,4518.101814,-1515.8282599999998,13.373770467754031,0.3294803161275076,False
2019-08-01,0,2985.621121,4343.76578,-1358.1446589999996,10.845392773005248,0.11831799376535057,False
2019-09-01,0,2784.884372,3925.855392,-1140.97102,4.888176003008038,-0.37921041371112263,False
2019-10-01,0,3093.677399,4365.367102,-1271.689703,6.756077178777509,-0.22320905717420883,False
2019-11-01,0,3124.157051,4212.909084,-1088.7520329999998,13.055457576772532,0.30289580328472054,False
2019-12-01,0,3043.300451,4771.322515,-1728.0220639999998,7.322536857468553,-0.1759000884527429,False
2020-01-01,0,2739.089175,4523.331353,-1784.2421779999995,4.19562246505254,-0.4370503534236669,False
2020-02-01,0,2732.421606,4376.382747,-1643.9611409999998,24.43936384919667,1.2536446138879762,False
2020-03-01,0,2784.668867,5295.941582,-2511.2727150000005,-3.93690477077423,-1.1162539950937067,False
2020-04-01,0,2494.04548,4538.174396,-2044.1289160000001,-12.515549012121674,-1.8327159558537496,False
2020-05-01,0,2545.208376,4304.048114,-1758.8397380000001,-15.121377816093274,-2.050346756452755,False
2020-06-01,0,2953.346243,4707.892497,-1754.5462539999999,18.721928821776636,0.7761420394695153,False
2020-07-01,0,2978.700757,4346.279174,-1367.5784170000002,-0.7851648617626217,-0.8530303793931614,False
2020-08-01,0,2828.471077,4689.75614,-1861.2850630000003,-5.263562844416247,-1.2270523937635653,False
2020-09-01,0,2835.342714,4514.461435,-1679.1187210000003,1.8118648841338736,-0.6361344490398466,False
2020-10-01,0,3038.508056,4648.268562,-1609.760506,-1.7832933394358763,-0.9363909974681561,False
2020-11-01,0,2798.841307,4651.892563,-1853.0512560000002,-10.412912625371085,-1.65711023704379,False
2020-12-01,0,3051.832962,4878.574154,-1826.741192,0.28037031300003346,-0.7640401614645838,False
2021-01-01,0,2903.254938,4709.109581,-1805.8546429999997,5.993443532191689,-0.2869018718430959,False
2021-02-01,0,2897.322068,4414.076534,-1516.7544659999999,6.034956744519326,-0.2834348161330161,False
2021-03-01,0,3353.936594,5341.377492,-1987.4408979999998,20.442923528400982,0.9198742199022667,False
2021-04-01,0,3037.831134,5639.050562,-2601.2194280000003,21.803357571490633,1.0334934835731924,False
2021-05-01,0,2835.21331,4951.216731,-2116.0034210000003,11.394152900587496,0.16414875045992527,False
2021-06-01,0,3130.011303,5620.085522,-2490.074219,5.981860759426039,-0.2878692293710743,False
2021-07-01,0,3140.552309,5407.78518,-2267.2328709999997,5.433629129063933,-0.3336558476046117,False
2021-08-01,0,3245.348079,4953.82569,-1708.4776109999998,14.738598721757402,0.4434665707679461,False
2021-09-01,0,3244.369772,5543.950887,-2299.581115,14.426018272160102,0.41736081378430395,False
2021-10-01,0,3477.225554,5372.081048,-1894.855494,14.438582683158764,0.4184101547158825,False
2021-11-01,0,3607.294038,5627.19877,-2019.904732,28.88526509087996,1.6249526004820916,False
2021-12-01,0,3822.199367,6070.868659,-2248.6692919999996,25.242744756749236,1.3207405143669877,False
2022-01-01,0,3336.190138,6724.951114,-3388.7609760000005,14.912062813823756,0.45795375779037933,False
2022-02-01,0,3056.534775,4912.442174,-1855.9073989999997,5.495167719131189,-0.3285163339866569,False
2022-03-01,0,3750.887047,6231.180561,-2480.293514,11.83535949099699,0.2009969667947931,False
2022-04-01,0,3821.295652,5885.35617,-2064.0605180000002,25.79025901839347,1.3664672201733707,False
2022-05-01,0,3307.058503,6483.508281,-3176.449778,16.642317223038148,0.6024592800807804,False
2022-06-01,0,3832.064414,6339.892081,-2507.827667,22.429730855192375,1.0858062521626226,False
2022-07-01,0,3800.895443,6317.829863,-2516.93442,21.02633769568587,0.9685991753227825,False
2022-08-01,0,3977.771402,6957.382245,-2979.610843,22.568405766375733,1.097387953883715,False
2022-09-01,0,3802.392403,6329.589699,-2527.1972960000003,17.199723527691656,0.6490121388701938,False
2022-10-01,0,3845.853404,6643.286059,-2797.432655,10.601206170705591,0.09792428038209629,False
2022-11-01,0,4034.494787,6517.041932,-2482.547145,11.84269273587839,0.20160941683452538,False
2022-12-01,0,4044.772865,6278.947135,-2234.1742700000004,5.8231786630924764,-0.3011218696109732,False
2023-01-01,0,3079.996699,6165.82767,-3085.830971,-7.679221759032728,-1.4288007905733806,False
2023-02-01,0,3539.302354,5731.959438,-2192.657084,15.794604496197806,0.5316609225144481,False
2023-03-01,0,4039.861151,7098.445125,-3058.583974,7.704153720947815,-0.14402862268550132,False
2023-04-01,0,3251.404779,6416.599582,-3165.194803,-14.913550923538955,-2.032989694107115,False
2023-05-01,0,3898.338912,6684.642868,-2786.3039559999997,17.87934529926276,0.7057720572601148,False
2023-06-01,0,3853.968821,6171.562165,-2317.5933440000003,0.5716085282902572,-0.7397168421958602,False
2023-07-01,0,3845.414846,6430.526463,-2585.111617,1.171287231328355,-0.6896335228137721,False
2023-08-01,0,3986.252332,6247.564407,-2261.312075,0.21320807917055706,-0.7696493444991901,False
2023-09-01,0,4090.614149,6604.315855,-2513.701706,7.5800105684147745,-0.1543966766549226,False
2023-10-01,0,4298.159144,7181.48298,-2883.3238359999996,11.76086793972868,0.19477566172836835,False
2023-11-01,0,4448.573179,6950.776419,-2502.20324,10.263450911728732,0.06971600081068845,False
2023-12-01,0,4129.859204,7102.919413,-2973.0602089999993,2.103612287756995,-0.6117686039289132,False
2024-01-01,0,4044.694749,8578.978961,-4534.2842120000005,31.32139882855114,1.8284109914890412,False
2024-02-01,0,3896.142296,6284.265101,-2388.122805,10.082211303499156,0.054579426612438586,False
2024-03-01,0,4387.86527,7788.031964,-3400.1666939999996,8.614259401312774,-0.06801939769510665,False
2024-04-01,0,3821.296465,7437.562388,-3616.2659230000004,17.527552696015757,0.6763914219041908,False
2024-05-01,0,4565.395557,7670.417789,-3105.0222320000003,17.111304585310492,0.6416276609684982,False
2024-06-01,0,4292.405626,3646.731124,645.6745019999998,11.376241619054861,0.16265285535977117,False
2024-07-01,0,4816.073845,3993.848245,822.2255999999998,25.241983969809635,1.3206769757836019,False
2024-08-01,0,5160.809839,9177.293291,-4016.4834520000004,29.46520714634979,1.6733875758114636,False
2024-09-01,0,4620.29034,7406.727725,-2786.437385,12.948573776617023,0.293969197299149,False
2024-10-01,0,5170.47108,8021.6346,-2851.16352,20.295012510593068,0.9075211469859306,False
2024-11-01,0,4639.230502,7833.781531,-3194.5510289999993,4.285808400320801,-0.42951830171509436,False
2024-12-01,0,5041.256482,8049.306456,-3008.0499740000005,22.068483039742848,1.0556359465880207,False
2025-01-01,0,4361.094302,8602.770267,-4241.675964999999,7.822581743114898,-0.13413787881226721,False
2025-02-01,0,4607.216878,8357.527814,-3750.310935999999,18.250734392581847,0.7367893311460982,False
2025-03-01,0,5124.49576,8836.315496,-3711.8197359999995,16.787901283942563,0.6146180127192379,False
2025-04-01,0,4817.091297,7952.337492,-3135.2461949999997,26.059083379703175,1.388918603350646,False
2025-05-01,0,5186.873913,7966.603502,-2779.7295889999996,13.61280415334667,0.3494436737687963,False
2025-06-01,0,4676.259637,6926.33448,-2250.0748430000003,8.94263134581028,-0.04059478366584852,False
2025-07-01,0,5335.24412,7292.406949,-1957.1628289999999,10.779948391758932,0.11285228049069701,False
2025-08-01,0,4951.954453,7110.959289,-2159.004836,-4.046949849259873,-1.1254446213145504,False
2025-09-01,0,4543.014231,7143.959764,-2600.945533,-1.672537942712915,-0.9271410476545914,False
2025-10-01,0,5188.380805,7422.81559,-2234.4347850000004,0.3463847824094035,-0.7585268361813635,False
2025-11-01,0,4956.885484,6841.819188,-1884.933704,6.847148074730436,-0.21560309627328686,False
2025-12-01,0,5118.889933,8316.553968,-3197.664035,1.539962334334577,-0.6588429130446741,False
2026-01-01,0,4904.872419,8058.571604,-3153.6991849999995,12.46884564616324,0.2539037805145172,False
2026-02-01,0,3949.606598,6607.161076,-2657.5544780000005,-14.273482178365992,-1.979533122732171,False
2026-03-01,0,4008.837738,6641.395675,-2632.5579369999996,-21.771079033930153,-2.6057093334479675,False
2026-04-01,0,4770.357714,6672.842446,-1902.484732,-0.9701618698633507,-0.8684807600628429,False
2026-05-01,0,4185.822674,6775.323606,-2589.500932,-19.29970259140171,-2.3993075802133568,False
2026-06-01,0,4042.256398,6941.372697,-2899.116299,-13.557913550898071,-1.9197710335872415,False
2026-07-01,0,4861.999786,7873.650039,-3011.650253,-8.870153330490904,-1.5282637295661679,False
2000-01-01,1,92.332416,31.130468,61.201947999999994,,,False
2000-02-01,1,77.214349,38.961759,38.25259,,,False
2000-03-01,1,100.950924,48.463922,52.487002000000004,,,False
2000-04-01,1,98.515223,69.757968,28.757255,,,False
2000-05-01,1,111.185482,61.325964,49.859517999999994,,,False
2000-06-01,1,112.047681,55.938822,56.108858999999995,,,False
2000-07-01,1,88.254854,116.06552,-27.810666000000012,,,False
2000-08-01,1,101.873018,51.85016,50.022858,,,False
2000-09-01,1,99.952862,63.28671,36.666152,,,False
2000-10-01,1,115.090581,40.493846,74.596735,,,False
2000-11-01,1,107.633301,69.981101,37.65220000000001,,,False
2000-12-01,1,109.898548,61.435872,48.462676,,,False
2001-01-01,1,111.094426,66.163041,44.93138499999999,20.320068306238205,0.912526594771632,False
2001-02-01,1,108.530202,58.757571,49.772631000000004,40.55703817434244,2.103134251714478,False
2001-03-01,1,103.340677,55.881167,47.45951,2.3672423245972407,-0.14369734669864107,False
2001-04-01,1,117.686491,62.882178,54.804313,19.46020870297376,0.8619382194261688,False
2001-05-01,1,106.683698,69.41271,37.270988,-4.048895520370177,-0.5211798895895644,False
2001-06-01,1,105.586907,58.521241,47.06566599999999,-5.76609345444642,-0.6222083055096765,False
2001-07-01,1,102.618921,106.252027,-3.633105999999998,16.275667964959762,0.6745811886435226,False
2001-08-01,1,122.510305,93.143167,29.367137999999997,20.25785375279645,0.9088663074764584,False
2001-09-01,1,118.520948,72.900562,45.62038600000001,18.576842752136514,0.8099668881545298,False
2001-10-01,1,103.414126,124.758431,-21.344305000000006,-10.145447958074005,-0.8798601693247305,False
2001-11-01,1,98.94462,55.18038,43.76424,-8.07248399823769,-0.7579008651782305,False
2001-12-01,1,108.727929,100.110512,8.617417000000003,-1.065181498121337,-0.34563815660431924,False
2002-01-01,1,99.351321,139.452462,-40.101141,-10.570381811955176,-0.9048604289200446,False
2002-02-01,1,90.545778,81.692791,8.852986999999999,-16.570893326080792,-1.2578903044821874,False
2002-03-01,1,106.193008,69.655401,36.53760700000001,2.760124166788658,-0.12058281262384522,False
2002-04-01,1,93.212191,56.061022,37.151169,-20.79618466999751,-1.5064781246780592,False
2002-05-01,1,94.840769,77.630327,17.210442,-11.100973458944042,-0.9360768848288185,False
2002-06-01,1,122.106333,70.496513,51.60982000000001,15.64533564753441,0.6374966602562964,False
2002-07-01,1,111.906431,104.989039,6.917391999999992,9.05048494906704,0.24949985099259392,False
2002-08-01,1,113.782749,96.219191,17.563558,-7.123936227242278,-0.7020946725276604,False
2002-09-01,1,107.844702,121.007828,-13.163126000000005,-9.00789791185268,-0.8129343496978777,False
2002-10-01,1,113.141388,91.994131,21.14725700000001,9.40612503943612,0.27042333002473123,False
2002-11-01,1,132.762357,119.598529,13.16382800000001,34.17844952054998,1.7278608515369305,False
2002-12-01,1,108.938486,108.52943,0.40905599999999254,0.19365493478680218,-0.27157665897757727,False
2003-01-01,1,132.47964,109.118245,23.361394999999987,33.34461853808666,1.6788038257673896,False
2003-02-01,1,104.268339,56.874758,47.393581,15.155384716005194,0.608671231627064,False
2003-03-01,1,128.510387,112.604329,15.906058000000002,21.01586481098643,0.9534625971290299,False
2003-04-01,1,118.853982,132.135103,-13.281120999999985,27.509052973553636,1.3354782642328216,False
2003-05-01,1,119.499562,97.677295,21.822266999999997,26.000203562246526,1.2467076788149247,False
2003-06-01,1,111.059348,90.641023,20.418324999999996,-9.047020517764636,-0.8152360615876477,False
2003-07-01,1,112.849129,92.476976,20.37215300000001,0.8423984140822238,-0.23340894123746933,False
2003-08-01,1,113.498028,56.588306,56.909722,-0.25023213316808235,-0.2976919986440144,False
2003-09-01,1,143.621172,96.199967,47.421205,33.17406357152344,1.6687695147789718,False
2003-10-01,1,140.197035,88.167645,52.02939000000001,23.913129826549408,1.1239182500357792,False
2003-11-01,1,118.69858,87.987045,30.711535000000012,-10.593196232573664,-0.9062026765022727,False
2003-12-01,1,148.631587,122.03553,26.596057000000002,36.43625173935317,1.8606947998547791,False
2004-01-01,1,121.384517,94.178204,27.20631300000001,-8.374964636075388,-0.7756967983556642,False
2004-02-01,1,120.274587,69.021202,51.253384999999994,15.351014654601913,0.6201807858903046,False
2004-03-01,1,120.954331,118.65585,2.2984809999999953,-5.879723947917148,-0.6288935620708219,False
2004-04-01,1,138.91812,134.356016,4.562103999999977,16.88133427452181,0.7102145344663793,False
2004-05-01,1,117.907784,105.038978,12.868806000000006,-1.3320366814398743,-0.3613381268382375,False
2004-06-01,1,133.956355,94.255623,39.700732,20.61691105912129,0.9299908325895491,False
2004-07-01,1,147.567149,94.351969,53.215180000000004,30.764987118332108,1.527035604513531,False
2004-08-01,1,123.512955,97.897502,25.615453000000002,8.823877539088176,0.2361677899578015,False
2004-09-01,1,140.657667,126.805337,13.85233000000001,-2.0634179200264446,-0.4043676964072457,False
2004-10-01,1,156.807813,139.466091,17.341722000000004,11.848166403804484,0.41409667469728034,False
2004-11-01,1,133.774982,145.22301,-11.448027999999994,12.701417321083364,0.46429623925792607,False
2004-12-01,1,187.077229,171.584977,15.49225199999998,25.86640079406539,1.2388356208262585,False
2005-01-01,1,150.089998,161.791975,-11.701977,23.648387545175975,1.108342588789353,False
2005-02-01,1,105.10496,94.604447,10.500513000000012,-12.612495605576257,-1.0250047160776767,False
2005-03-01,1,134.578062,112.227013,22.35104899999999,11.263533010653415,0.37970076469065306,False
2005-04-01,1,157.084688,101.118493,55.966195,13.077176685086167,0.48640340148950284,False
2005-05-01,1,128.087299,108.926427,19.160871999999998,8.633454598722668,0.22496458056754196,False
2005-06-01,1,156.207545,99.609494,56.59805100000001,16.61077595012197,0.6942966962337006,False
2005-07-01,1,140.900318,115.861183,25.039135,-4.5178286937020085,-0.5487687742102484,False
2005-08-01,1,125.040005,90.406378,34.63362699999999,1.2363480413856154,-0.21023158584413754,False
2005-09-01,1,154.316018,111.094222,43.22179600000001,9.71034945432445,0.28832185535514104,False
2005-10-01,1,142.102232,106.457684,35.644547999999986,-9.37809202147346,-0.8347140896659805,False
2005-11-01,1,145.297365,116.009284,29.28808100000002,8.613256998980589,0.22377628918491316,False
2005-12-01,1,171.787364,245.166345,-73.37898100000001,-8.17302302462476,-0.7638159075693689,False
2006-01-01,1,162.738479,116.322766,46.41571300000001,8.427264420377977,0.21283373258369812,False
2006-02-01,1,130.219467,88.625932,41.593535,23.894692505472626,1.1228335216505219,False
2006-03-01,1,146.210656,125.204803,21.005853000000002,8.643752055219833,0.22557041388312563,False
2006-04-01,1,144.666688,129.417433,15.249255000000005,-7.905289915971958,-0.7480642860935892,False
2006-05-01,1,179.529338,115.942697,63.586641,40.16170174686875,2.0798753062949635,False
2006-06-01,1,143.031847,123.096124,19.935722999999996,-8.434738539678099,-0.7792134941741878,False
2006-07-01,1,143.21755,136.87319,6.344359999999995,1.6445896168949758,-0.18621338801848702,False
2006-08-01,1,175.950853,132.061899,43.888953999999984,40.71564776408958,2.112465776801895,False
2006-09-01,1,172.167257,165.833078,6.334179000000006,11.567975399676268,0.3976121141580394,False
2006-10-01,1,161.734973,131.11831,30.61666299999999,13.815927254400906,0.5298665330813181,False
2006-11-01,1,176.719609,118.300196,58.41941299999999,21.62616231891059,0.9893684116202047,False
2006-12-01,1,193.493578,156.354014,37.13956400000001,12.635512586362307,0.46041884643187114,False
2007-01-01,1,197.398028,153.053284,44.34474400000002,21.297697516270865,0.9700437443598431,False
2007-02-01,1,140.340005,87.176593,53.163411999999994,7.771908634827995,0.17427699106641203,False
2007-03-01,1,180.578309,131.742965,48.83534399999999,23.505573355747742,1.0999403591788155,False
2007-04-01,1,159.770355,123.608237,36.16211799999999,10.440321271473362,0.3312685040142268,False
2007-05-01,1,172.285759,152.985877,19.299882000000025,-4.0347606027489435,-0.5203482857842625,False
2007-06-01,1,172.793992,130.083042,42.71095,20.808054726441448,0.9412364447227274,False
2007-07-01,1,172.129375,135.543251,36.58612400000001,20.187347849477955,0.9047182127321469,False
2007-08-01,1,196.955296,136.07863,60.876666,11.93767614187129,0.4193628276938935,False
2007-09-01,1,191.295607,170.527364,20.768242999999984,11.110329764968018,0.3706873126486544,False
2007-10-01,1,200.737659,128.672888,72.06477100000001,24.11518379515851,1.1358057511641397,False
2007-11-01,1,213.211067,195.444156,17.76691100000002,20.649354198152416,0.9318995694210744,False
2007-12-01,1,206.443856,159.463676,46.98018000000002,6.6928722564632,0.11079372343424292,False
2008-01-01,1,212.428712,191.792045,20.63666699999999,7.614404334373592,0.16501049379213378,False
2008-02-01,1,160.624041,135.487638,25.136403,14.453495280978522,0.567376762093502,False
2008-03-01,1,211.259858,152.868098,58.391760000000005,16.990716753250812,0.7166498663149184,False
2008-04-01,1,156.748813,161.324075,-4.575261999999981,-1.891178122499626,-0.39423426125849204,False
2008-05-01,1,205.177952,188.635759,16.542192999999997,19.091649356810734,0.8402546579819645,False
2008-06-01,1,176.902391,152.576612,24.325778999999983,2.377628384209096,-0.1430863005697031,False
2008-07-01,1,212.754304,167.23033,45.52397399999998,23.60139226671798,1.1055777016181545,False
2008-08-01,1,262.350045,146.992364,115.35768100000001,33.20283857713582,1.6704624432279425,False
2008-09-01,1,218.37926,175.942453,42.43680699999999,14.15801095735565,0.5499924451475912,False
2008-10-01,1,191.983258,198.985521,-7.002262999999999,-4.361115419802719,-0.5395488156361561,False
2008-11-01,1,196.105019,163.563287,32.541731999999996,-8.023058202696397,-0.7549929826738095,False
2008-12-01,1,226.651057,279.891057,-53.23999999999998,9.788230752674941,0.2929038689052473,False
2009-01-01,1,182.302278,113.946596,68.355682,-14.181903056494537,-1.1173381306207057,False
2009-02-01,1,185.935385,128.604858,57.33052699999999,15.758129257873655,0.6441326802236825,False
2009-03-01,1,189.018473,153.796535,35.221937999999994,-10.527974983302324,-0.9023654953786192,False
2009-04-01,1,195.672161,189.837436,5.834724999999992,24.83167001717581,1.1779589978007499,False
2009-05-01,1,243.461377,207.358744,36.102633,18.658644667629787,0.8147795645370937,False
2009-06-01,1,199.952926,213.185606,-13.232680000000016,13.03008674427697,0.4836329450200893,False
2009-07-01,1,237.63218,203.648265,33.983914999999996,11.693242172905705,0.40498197142123366,False
2009-08-01,1,227.540877,158.671196,68.86968099999999,-13.2682149911581,-1.0635828493835962,False
2009-09-01,1,186.705789,150.642561,36.06322800000001,-14.503882374177834,-1.1362812354189775,False
2009-10-01,1,208.843899,148.517798,60.326100999999994,8.782349656760168,0.23372456772647937,False
2009-11-01,1,202.896377,212.269562,-9.373185000000007,3.463122991258061,-0.07922307405180277,False
2009-12-01,1,216.659415,216.529783,0.12963199999998665,-4.408380941281031,-0.5423296020952084,False
2010-01-01,1,236.07392,200.32699,35.74692999999999,29.49586949209706,1.4523692303871298,False
2010-02-01,1,181.407397,199.883874,-18.47647699999999,-2.4352481374107393,-0.4262436939891868,False
2010-03-01,1,213.670053,189.487189,24.182863999999995,13.041889297243458,0.48432732812314094,False
2010-04-01,1,211.624531,191.668081,19.95644999999999,8.15260071666506,0.1966743613509378,False
2010-05-01,1,238.523557,157.885275,80.638282,-2.028173856915294,-0.4022941719776793,False
2010-06-01,1,230.156116,160.932454,69.22366199999999,15.105150299225922,0.6057157752692559,False
2010-07-01,1,243.550386,181.641044,61.90934200000001,2.49049013479572,-0.13644627168691087,False
2010-08-01,1,255.663989,158.029724,97.634265,12.359586712852465,0.44418521758868923,False
2010-09-01,1,226.111053,156.656195,69.454858,21.10553947526501,0.9587384532784299,False
2010-10-01,1,249.136145,260.449782,-11.313637000000028,19.292996440370036,0.8521005707323043,False
2010-11-01,1,230.623429,196.405909,34.21751999999998,13.66562203326085,0.5210235813778672,False
2010-12-01,1,298.570446,301.875725,-3.3052789999999845,37.80635658044218,1.9413025847774656,False
2011-01-01,1,230.439577,168.633115,61.80646200000001,-2.386685916004605,-0.42338661839826913,False
2011-02-01,1,217.268165,169.005166,48.26299900000001,19.768084760071837,0.8800515829069379,False
2011-03-01,1,261.086969,272.954047,-11.867077999999992,22.19165265990739,1.0226380727555495,False
2011-04-01,1,225.017309,271.652266,-46.634956999999986,6.328556494237447,0.08935982602381086,False
2011-05-01,1,234.725048,215.083487,19.641560999999996,-1.592508952899785,-0.3766625693235846,False
2011-06-01,1,259.124837,251.841446,7.283391000000023,12.586552772727533,0.45753837917931417,False
2011-07-01,1,246.609433,281.929639,-35.32020600000001,1.2560222343478422,-0.20907408820799597,False
2011-08-01,1,284.075228,286.570219,-2.4949910000000273,11.11272616496648,0.3708283007612949,False
2011-09-01,1,248.13081,257.193667,-9.062857000000008,9.738469972098173,0.2899762781267715,False
2011-10-01,1,323.041796,283.391554,39.65024199999999,29.664764620966565,1.4623058876516801,False
2011-11-01,1,263.57398,284.856684,-21.282703999999967,14.28759911465891,0.5576165436830913,False
2011-12-01,1,343.299945,353.418183,-10.11823800000002,14.981221215712681,0.5984246187023168,False
2012-01-01,1,258.27308,237.374075,20.89900499999999,12.07843867896008,0.42764435183317484,False
2012-02-01,1,248.304842,279.354981,-31.050139,14.284963008731633,0.5574614528803683,False
2012-03-01,1,291.303901,323.941272,-32.63737100000003,11.573512119633978,0.39793785764725553,False
2012-04-01,1,279.572964,316.614262,-37.04129799999998,24.24509262974077,1.1434487162012097,False
2012-05-01,1,291.811334,319.023943,-27.212608999999986,24.32049177810798,1.1478846966843579,False
2012-06-01,1,353.101302,322.099324,31.00197799999995,36.26686893005164,1.8507294507425716,False
2012-07-01,1,340.971415,333.419022,7.552392999999995,38.263735840145245,1.9682117145670794,False
2012-08-01,1,332.300361,301.337346,30.963014999999984,16.976183857889925,0.7157948481670933,False
2012-09-01,1,300.911834,337.582252,-36.670417999999984,21.271451134988027,0.968499583216843,False
2012-10-01,1,308.533993,329.505339,-20.971345999999983,-4.490998743704344,-0.5471902797957778,False
2012-11-01,1,370.502221,331.225956,39.27626500000002,40.56858761247981,2.1038137432376343,False
2012-12-01,1,350.267969,348.611156,1.6568129999999996,2.0297189386383474,-0.1635549602810632,False
2013-01-01,1,308.07826,302.998617,5.079642999999976,19.283922273277575,0.8515667075654825,False
2013-02-01,1,248.74777,236.247035,12.500734999999992,0.1783807341139143,-0.2724752905609293,False
2013-03-01,1,304.624065,286.660592,17.963472999999965,4.572600625763679,-0.013948846958585781,False
2013-04-01,1,296.695655,315.164375,-18.46872000000002,6.124587569204287,0.07735966169557137,False
2013-05-01,1,307.640006,370.611777,-62.97177099999999,5.424282800475466,0.03615842330482451,False
2013-06-01,1,342.806332,326.805667,16.00066499999997,-2.9155853976431945,-0.4545035186405581,False
2013-07-01,1,339.724196,371.437165,-31.712968999999987,-0.3657840350048014,-0.3044902979940541,False
2013-08-01,1,322.174007,314.144869,8.029137999999989,-3.047349683739886,-0.4622556460074911,False
2013-09-01,1,329.747074,399.6565,-69.909426,9.58262080181267,0.2808071576171558,False
2013-10-01,1,343.690278,390.700869,-47.01059100000003,11.39462289330302,0.387413214679342,False
2013-11-01,1,349.730047,355.696789,-5.966742000000011,-5.606491087674215,-0.6128183720767724,False
2013-12-01,1,390.250608,399.164789,-8.914180999999985,11.414871623616829,0.3886045142420789,False
2014-01-01,1,298.80113,335.604455,-36.80332499999997,-3.0112900533779907,-0.46013413906770617,False
2014-02-01,1,281.063298,308.898066,-27.834767999999997,12.991283499747542,0.48135002221336143,False
2014-03-01,1,340.057518,323.366763,16.690755000000024,11.63186270263974,0.4013708148224913,False
2014-04-01,1,375.575188,417.205344,-41.630156,26.586008817688978,1.2811725333436863,False
2014-05-01,1,328.717002,366.439239,-37.72223700000001,6.851188268407449,0.12010797637161387,False
2014-06-01,1,346.514611,299.348754,47.16585700000002,1.081741687315163,-0.21932758737836036,False
2014-07-01,1,345.786083,329.418578,16.367504999999994,1.784355389275838,-0.1779905068332232,False
2014-08-01,1,336.623219,337.911692,-1.2884730000000104,4.484909299340223,-0.019108016803069106,False
2014-09-01,1,329.62236,345.171301,-15.548941000000013,-0.03782110891451529,-0.2851951577857411,False
2014-10-01,1,377.661895,290.882455,86.77944000000002,9.88436949618925,0.2985600281476152,False
2014-11-01,1,369.172041,337.841596,31.330444999999997,5.559143163927227,0.04409270311006509,False
2014-12-01,1,349.766449,357.237229,-7.470779999999991,-10.373887489241262,-0.893300020089387,False
2015-01-01,1,397.276218,355.399766,41.87645199999997,32.95673212480823,1.6559831892450574,False
2015-02-01,1,276.076382,385.036581,-108.96019899999999,-1.7743035236140847,-0.3873581432802482,False
2015-03-01,1,392.184126,361.692681,30.491445,15.328762118413142,0.6188715958215629,False
2015-04-01,1,371.875123,374.389259,-2.5141360000000077,-0.9851729076416071,-0.34093098744474515,False
2015-05-01,1,344.675987,311.63559,33.04039700000004,4.854931416051311,0.0026616042551101727,False
2015-06-01,1,349.763108,329.94975,19.813357999999994,0.9374776407335972,-0.22781511686528658,False
2015-07-01,1,369.653188,378.932333,-9.279145000000028,6.9022746065809715,0.12311355407375953,False
2015-08-01,1,421.32919,353.298139,68.03105099999999,25.16343680974662,1.1974779320151427,False
2015-09-01,1,364.186336,379.81948,-15.633144000000016,10.485931840303554,0.3339519241527493,False
2015-10-01,1,465.700101,472.512536,-6.812434999999994,23.311381732064863,1.0885154257239602,False
2015-11-01,1,437.989506,451.43105,-13.441544000000022,18.641028397922476,0.8137431413108401,False
2015-12-01,1,415.655328,393.565143,22.09018500000002,18.837964358325276,0.8253295331427776,False
2016-01-01,1,428.547008,355.824054,72.72295400000002,7.871296740949152,0.18012432102381848,False
2016-02-01,1,343.546067,350.364117,-6.818050000000028,24.438774701125986,1.1548436710144419,False
2016-03-01,1,446.532323,425.925199,20.607124,13.85782682086425,0.5323316227157338,False
2016-04-01,1,432.452248,444.5678,-12.11555199999998,16.289641670921885,0.6754033078354177,False
2016-05-01,1,378.272514,380.303738,-2.031224000000009,9.747278100925548,0.29049448938535233,False
2016-06-01,1,410.877937,362.069634,48.80830299999997,17.47320617930923,0.7450363099773424,False
2016-07-01,1,337.507283,341.357241,-3.849958000000015,-8.696233670788745,-0.7945981148650707,False
2016-08-01,1,378.85218,324.961861,53.89031899999998,-10.081667970832974,-0.8761077823980408,False
2016-09-01,1,411.412113,381.768342,29.64377099999996,12.967476352544981,0.47994936925325554,False
2016-10-01,1,433.654286,351.37173,82.282556,-6.881212808669757,-0.6878144535741666,False
2016-11-01,1,426.417056,395.788214,30.62884200000002,-2.6421751757677914,-0.43841789387692387,False
2016-12-01,1,478.373407,419.831034,58.542373,15.088963084337026,0.6047634280494443,False
2017-01-01,1,344.573883,284.16318,60.41070300000001,-19.594845707101516,-1.4357993927764963,False
2017-02-01,1,376.507745,304.244781,72.26296400000001,9.594543837406233,0.2815086291103793,False
2017-03-01,1,450.585698,298.901226,151.68447199999997,0.9077450368581541,-0.22956438397719472,False
2017-04-01,1,363.222445,268.974542,94.24790300000001,-16.008658370993135,-1.2248121684326134,False
2017-05-01,1,372.735569,280.790226,91.94534299999998,-1.4637449973433747,-0.369086961294176,False
2017-06-01,1,318.15898,213.487314,104.67166599999999,-22.566058834159307,-1.610605656883243,False
2017-07-01,1,388.68194,310.594542,78.08739800000001,15.162534137078175,0.6090918556398326,False
2017-08-01,1,381.01332,318.129593,62.88372700000002,0.5704441241436209,-0.2494089087251754,False
2017-09-01,1,321.145601,335.979812,-14.834210999999982,-21.940654916983448,-1.5738110825312193,False
2017-10-01,1,351.203671,333.495148,17.708523000000014,-19.01298284412668,-1.4015664821943439,False
2017-11-01,1,405.369352,358.931432,46.43792000000002,-4.935943275214583,-0.5733678335295456,False
2017-12-01,1,348.670429,378.090405,-29.419975999999963,-27.113333664051265,-1.8781368271117442,False
2018-01-01,1,292.298634,191.934007,100.36462699999998,-15.170984099221485,-1.1755290292820595,False
2018-02-01,1,241.541196,242.215471,-0.6742749999999944,-35.846951568021524,-2.3919643624123257,False
2018-03-01,1,299.482803,248.858255,50.624547999999976,-33.53477388889517,-2.255931326492306,False
2018-04-01,1,265.952691,246.506184,19.446507000000025,-26.779665006660036,-1.8585059999196765,False
2018-05-01,1,297.477814,326.73749,-29.259675999999956,-20.1906555904784,-1.4708528525510647,False
2018-06-01,1,258.565116,284.520528,-25.955412000000024,-18.730844560791592,-1.3849673567993455,False
2018-07-01,1,308.857485,313.3834,-4.525914999999998,-20.537217396825792,-1.4912422262038605,False
2018-08-01,1,284.660514,358.518655,-73.85814100000005,-25.28856628949351,-1.7707797463606287,False
2018-09-01,1,339.114158,325.744316,13.369841999999949,5.595143431530292,0.046210717543033936,False
2018-10-01,1,338.59189,417.127623,-78.53573300000005,-3.5910162795536382,-0.494241344262649,False
2018-11-01,1,325.591929,392.818605,-67.226676,-19.680181199293035,-1.4408199611261259,False
2018-12-01,1,318.567909,470.017384,-151.449475,-8.633516781545026,-0.7909082734985081,False
2019-01-01,1,287.287222,211.189032,76.09818999999999,-1.71448355109316,-0.3838387370753807,False
2019-02-01,1,271.791559,239.54859,32.242969000000016,12.52389385370105,0.45385194839175474,False
2019-03-01,1,330.578981,273.564486,57.01449500000001,10.383293360587388,0.3279133640005378,False
2019-04-01,1,290.497232,290.603727,-0.10649499999999534,9.228912445935734,0.25999732889395893,False
2019-05-01,1,319.716627,356.15097,-36.434342999999956,7.475788765880864,0.15685528289373518,False
2019-06-01,1,252.511341,285.956226,-33.44488500000003,-2.3412961089461115,-0.42071618640260877,False
2019-07-01,1,245.536326,320.889307,-75.35298099999997,-20.501740147239754,-1.4891549826451802,False
2019-08-01,1,277.117915,386.160405,-109.04249000000004,-2.649682210578741,-0.4388595574849199,False
2019-09-01,1,274.228156,311.387091,-37.158934999999985,-19.133970218960883,-1.4086845683411269,False
2019-10-01,1,291.875822,320.703723,-28.827900999999997,-13.797160942041453,-1.0947024835647599,False
2019-11-01,1,341.934788,337.964748,3.97004000000004,5.019430011731041,0.012339598977102547,False
2019-12-01,1,269.576476,392.610373,-123.03389699999997,-15.378646629469506,-1.1877465005825976,False
2020-01-01,1,240.298202,207.262319,33.03588300000001,-16.3561120723984,-1.2452540152121676,False
2020-02-01,1,254.215588,197.513144,56.702443999999986,-6.466709659662396,-0.6634278667357429,False
2020-03-01,1,188.845725,237.933442,-49.087717000000026,-42.87424916467996,-2.805403448437974,False
2020-04-01,1,164.86054,157.707853,7.152686999999986,-43.248843073313694,-2.827442043087779,False
2020-05-01,1,163.55171,164.624372,-1.0726619999999798,-48.8447906089038,-3.156670085978974,True
2020-06-01,1,203.35355,187.135648,16.21790200000001,-19.467557696745185,-1.4283106194692767,False
2020-07-01,1,216.53241,209.109606,7.422803999999985,-11.812474541954332,-0.9779368393020588,False
2020-08-01,1,198.083065,228.0871,-30.004034999999988,-28.520296134589486,-1.9609130678914595,False
2020-09-01,1,227.918898,233.276356,-5.35745799999998,-16.887127374331325,-1.2764953961380554,False
2020-10-01,1,223.864416,264.69943,-40.835014,-23.301486753500267,-1.653873306022601,False
2020-11-01,1,211.537507,271.856722,-60.319214999999986,-38.135131485948726,-2.5265855309223815,False
2020-12-01,1,301.873846,268.07284,33.80100600000003,11.980782032331327,0.4218988893461841,False
2021-01-01,1,220.810815,196.926844,23.883971000000003,-8.109668252948477,-0.7600885374762535,False
2021-02-01,1,176.772143,185.479053,-8.706909999999993,-30.463688560278214,-2.0752492514975125,False
2021-03-01,1,279.812517,213.548025,66.26449200000002,48.169897412292514,2.55102385964522,False
2021-04-01,1,236.647235,223.711731,12.935504000000009,43.54389170386075,2.27886069226308,False
2021-05-01,1,176.604644,225.535447,-48.930803,7.980921752514836,0.18657392187875013,False
2021-06-01,1,148.362529,258.111307,-109.74877800000002,-27.042075734601145,-1.8739444881907419,False
2021-07-01,1,135.064136,210.128331,-75.06419500000001,-37.624055447403926,-2.496517242599706,False
2021-08-01,1,203.11258,218.126189,-15.013609000000002,2.5390938897275284,-0.13358675254174518,False
2021-09-01,1,187.562696,193.304124,-5.741428000000013,-17.706386944710495,-1.3246951376939546,False
2021-10-01,1,213.35677,180.701125,32.65564500000002,-4.693754455375343,-0.5591190667820581,False
2021-11-01,1,230.979336,232.938239,-1.9589030000000207,9.190724271889984,0.2577505927116218,False
2021-12-01,1,288.717303,291.901807,-3.184504000000004,-4.3582917746375465,-0.5393826912817663,False
2022-01-01,1,211.069718,256.898605,-45.82888699999998,-4.411512633563708,-0.5425138498771268,False
2022-02-01,1,183.007456,201.203706,-18.19625000000002,3.5273165184177113,-0.07544635720829403,False
2022-03-01,1,226.627497,357.433563,-130.806066,-19.007377000221904,-1.401236671915426,False
2022-04-01,1,247.469415,241.905177,5.564237999999989,4.573127592215487,-0.013917843784861455,False
2022-05-01,1,193.260526,243.929126,-50.6686,9.431168752278097,0.27189673421825783,False
2022-06-01,1,187.840952,292.044816,-104.20386400000004,26.6094297974659,1.28255046680098,False
2022-07-01,1,213.381982,357.558706,-144.17672399999998,57.985671340614076,3.1285182016365694,True
2022-08-01,1,246.862626,365.761405,-118.89877900000002,21.539801227476897,0.9842875038858429,False
2022-09-01,1,222.063188,308.581895,-86.51870699999998,18.39411180142132,0.7992162238752467,False
2022-10-01,1,239.516857,315.635948,-76.119091,12.261193774165214,0.43839643661240346,False
2022-11-01,1,295.845897,347.539776,-51.69387900000004,28.083274514218882,1.3692616106306983,False
2022-12-01,1,289.704132,356.590052,-66.88592,0.34179766496365005,-0.2628609337470442,False
2023-01-01,1,238.257518,298.293708,-60.036189999999976,12.880957182119325,0.4748591612106233,False
2023-02-01,1,222.232776,285.436122,-63.20334600000001,21.43372781489297,0.9780468553083336,False
2023-03-01,1,312.925713,221.479391,91.44632199999998,38.07932273990564,1.9573620838853687,False
2023-04-01,1,229.753325,279.382358,-49.62903300000002,-7.158900828209425,-0.7041517552779317,False
2023-05-01,1,270.752156,284.163207,-13.411050999999986,40.09697769320986,2.0760673768284024,False
2023-06-01,1,241.920709,318.000371,-76.07966199999998,28.7901846877352,1.4108514667625622,False
2023-07-01,1,246.914898,330.521598,-83.60669999999999,15.714970723254407,0.6415935213419421,False
2023-08-01,1,262.307506,322.757919,-60.450413000000026,6.256467514041586,0.08511859364753148,False
2023-09-01,1,260.793971,320.195089,-59.401118,17.441334310664768,0.7431611828660953,False
2023-10-01,1,254.880644,355.630196,-100.74955200000002,6.414490901573577,0.09441563052597107,False
2023-11-01,1,276.595178,298.602531,-22.007353000000023,-6.507008951352811,-0.6657988069292946,False
2023-12-01,1,288.000647,301.259485,-13.258837999999969,-0.5880085272653268,-0.31756449752936244,False
2024-01-01,1,297.352834,313.103994,-15.751160000000027,24.803127513483105,1.1762797482062533,False
2024-02-01,1,236.181031,289.937778,-53.75674699999999,6.2764166704194935,0.08629226828794898,False
2024-03-01,1,267.478706,284.5272,-17.048494000000005,-14.523257473571682,-1.137421136394405,False
2024-04-01,1,220.32402,246.970596,-26.64657600000001,-4.104099472771505,-0.5244277201121627,False
2024-05-01,1,250.621641,322.617254,-71.99561299999999,-7.435034053800848,-0.7203975833276955,False
2024-06-01,1,240.835731,148.733449,92.102282,-0.44848496207076094,-0.3093558661914053,False
2024-07-01,1,236.086326,170.165587,65.92073900000003,-4.385548254767513,-0.5409862798701546,False
2024-08-01,1,259.378974,400.249405,-140.870431,-1.1164499425342256,-0.3486544482169158,False
2024-09-01,1,237.865087,303.695361,-65.830274,-8.791953246495876,-0.8002296130833809,False
2024-10-01,1,235.630131,301.147752,-65.51762100000002,-7.552755947995793,-0.7273235504824537,False
2024-11-01,1,255.803147,311.083042,-55.27989499999998,-7.517134300873451,-0.7252278115406458,False
2024-12-01,1,279.017637,335.998218,-56.98058100000003,-3.1190936873138453,-0.4664765822717448,False
2025-01-01,1,247.139278,282.991397,-35.852119000000016,-16.886859736470505,-1.2764796501203237,False
2025-02-01,1,239.466847,213.260518,26.20632900000001,1.3912277315784927,-0.20111950304466603,False
2025-03-01,1,271.771813,243.960503,27.81131000000002,1.6050275792795388,-0.18854095312414249,False
2025-04-01,1,233.984403,286.441224,-52.45682099999999,6.200133330900548,0.08180426792423962,False
2025-05-01,1,210.543934,269.456793,-58.912859,-15.991319360964528,-1.2237920573073602,False
2025-06-01,1,223.893824,263.6911,-39.79727600000001,-7.03463183376225,-0.6968406006300915,False
2025-07-01,1,217.895774,312.869942,-94.97416799999999,-7.705042603780454,-0.7362830765186715,False
2025-08-01,1,245.59128,253.747101,-8.155820999999975,-5.315656002247893,-0.5957075851421154,False
2025-09-01,1,202.561083,271.047212,-68.486129,-14.842028498280623,-1.1561754867395209,False
2025-10-01,1,242.920197,344.557975,-101.637778,3.0938598425682695,-0.10094804251903486,False
2025-11-01,1,238.379856,301.03539,-62.65553400000002,-6.811210575138082,-0.6836959913839711,False
2025-12-01,1,277.356326,322.502015,-45.14568899999995,-0.5954143321771244,-0.31800020544864477,False
2026-01-01,1,295.403517,307.053376,-11.649858999999992,19.52916565532736,0.8659951842784533,False
2026-02-01,1,192.415054,222.680233,-30.26517899999999,-19.648562458418304,-1.4389597263561131,False
2026-03-01,1,223.67099,255.554979,-31.883989000000014,-17.698974175809767,-1.324259020060244,False
2026-04-01,1,242.901899,264.493668,-21.591769000000028,3.8111497542851147,-0.058747512167702354,False
2026-05-01,1,207.948746,261.086956,-53.13820999999999,-1.232611147087248,-0.35548859485457596,False
2026-06-01,1,214.919777,295.484865,-80.565088,-4.00817085512818,-0.5187839232675522,False
2026-07-01,1,245.10046,279.137964,-34.03750400000001,12.485182938885275,0.4515744576464843,False
2000-01-01,2,863.994681,604.749198,259.24548300000004,,,False
2000-02-01,2,689.603279,475.994393,213.60888600000004,,,False
2000-03-01,2,901.427068,565.814036,335.613032,,,False
2000-04-01,2,897.85345,551.941142,345.91230799999994,,,False
2000-05-01,2,909.523666,670.393909,239.12975700000004,,,False
2000-06-01,2,923.797559,596.050539,327.74702,,,False
2000-07-01,2,968.187353,660.464396,307.72295700000006,,,False
2000-08-01,2,848.391883,689.419651,158.97223199999996,,,False
2000-09-01,2,872.988719,614.303939,258.68477999999993,,,False
2000-10-01,2,822.0986,546.95766,275.14094,,,False
2000-11-01,2,742.958741,562.703723,180.25501800000006,,,False
2000-12-01,2,847.496074,556.93136,290.564714,,,False
2001-01-01,2,706.159911,481.005521,225.15438999999998,-18.268025656977404,-1.0575913115683515,False
2001-02-01,2,652.773126,478.914418,173.85870800000004,-5.340774053947039,-0.551100962918416,False
2001-03-01,2,715.206815,532.108841,183.09797400000002,-20.658382647990326,-1.1512456151244252,False
2001-04-01,2,667.76594,606.934587,60.831353000000036,-25.626399274848243,-1.3458927490013655,False
2001-05-01,2,645.466339,643.144456,2.321882999999957,-29.032485560414223,-1.4793433758850933,False
2001-06-01,2,560.555688,591.113717,-30.55802899999992,-39.320505608740184,-1.8824285034285726,False
2001-07-01,2,607.407782,640.876642,-33.46885999999995,-37.2634046377592,-1.801831187000072,False
2001-08-01,2,641.582679,561.464116,80.118563,-24.3766127592713,-1.2969260523321238,False
2001-09-01,2,613.232968,535.643543,77.589425,-29.75476605213726,-1.507642360797717,False
2001-10-01,2,579.875362,635.193742,-55.31838000000005,-29.4640129541639,-1.4962506402305196,False
2001-11-01,2,561.104487,604.040905,-42.936418,-24.477032702412217,-1.3008605106048265,False
2001-12-01,2,613.691784,580.467753,33.22403099999997,-27.587654642043812,-1.4227348299963376,False
2002-01-01,2,542.584508,558.384581,-15.800072999999998,-23.164073809905073,-1.2494187171246804,False
2002-02-01,2,489.389082,412.020476,77.368606,-25.029223399739053,-1.322495369072713,False
2002-03-01,2,662.564714,597.011326,65.55338799999993,-7.360402599071991,-0.6302301078732421,False
2002-04-01,2,689.924226,552.391951,137.53227500000003,3.318271369156678,-0.21183914068426501,False
2002-05-01,2,704.78735,621.610347,83.1770029999999,9.190411244667551,0.018231586195646025,False
2002-06-01,2,628.241951,646.423838,-18.181887000000074,12.074850804118498,0.13124406889409582,False
2002-07-01,2,824.64746,647.737981,176.90947900000003,35.76504688245829,1.0594271073127899,False
2002-08-01,2,786.198322,584.020265,202.17805699999997,22.54045312217663,0.5412868784316047,False
2002-09-01,2,768.62616,621.071735,147.55442500000004,25.33999313618116,0.65097299279641,False
2002-10-01,2,816.553057,497.689395,318.863662,40.81527005798187,1.2572950977780881,False
2002-11-01,2,797.890209,589.897209,207.99300000000005,42.19993378880253,1.311546290322517,False
2002-12-01,2,706.727912,493.445538,213.28237399999995,15.160073904460148,0.25212326052277656,False
2003-01-01,2,772.310159,681.041575,91.26858400000003,42.339146734355324,1.3170006603227953,False
2003-02-01,2,606.442731,385.38248,221.060251,23.918320474505393,0.5952717885350612,False
2003-03-01,2,869.466998,688.198477,181.26852099999996,31.227483086278585,0.8816451363476978,False
2003-04-01,2,828.943956,523.681431,305.262525,20.149999776932013,0.44762879971203123,False
2003-05-01,2,899.495188,597.687656,301.80753200000004,27.62646605390975,0.7405571132917143,False
2003-06-01,2,772.314639,587.788474,184.5261650000001,22.93267550354976,0.5566541704740537,False
2003-07-01,2,830.041767,644.193441,185.84832600000004,0.6541349196661495,-0.31622013678378763,False
2003-08-01,2,874.816225,643.75997,231.05625500000008,11.27169831329149,0.09977651511006662,False
2003-09-01,2,827.209018,625.13816,202.07085800000004,7.621762184102598,-0.043228160546553325,False
2003-10-01,2,985.066825,755.284905,229.78192,20.637209861061123,0.4667177145838104,False
2003-11-01,2,837.293796,563.916431,273.37736500000005,4.938472305529951,-0.14835958893219076,False
2003-12-01,2,1049.458222,684.196855,365.26136699999995,48.49536917681554,1.558201756038864,False
2004-01-01,2,951.902272,730.066876,221.83539600000006,23.25388458343458,0.5692391578987783,False
2004-02-01,2,839.100165,573.109891,265.990274,38.364287690670665,1.1612654890201606,False
2004-03-01,2,1149.026256,852.939361,296.08689500000014,32.15294641924984,0.9179048348956445,False
2004-04-01,2,1030.418717,1011.936174,18.482542999999964,24.304991856409664,0.6104215921474345,False
2004-05-01,2,1052.745776,808.510816,244.23496,17.037399426310216,0.3256769660813787,False
2004-06-01,2,1103.126749,1125.572167,-22.445418000000018,42.83385207204391,1.3363832395947992,False
2004-07-01,2,1103.082806,930.524072,172.55873399999984,32.89485539828261,0.9469728648989236,False
2004-08-01,2,1034.312283,931.2636,103.04868299999998,18.23195014472896,0.37247952152248354,False
2004-09-01,2,1138.006183,920.962547,217.043636,37.57178152523477,1.1302150587844904,False
2004-10-01,2,1144.591853,847.630597,296.96125599999993,16.19433564824395,0.29264568611566516,False
2004-11-01,2,903.655468,703.661403,199.9940650000001,7.925733155677173,-0.03131856304663499,False
2004-12-01,2,1149.583872,1039.662986,109.92088599999988,9.540698991255315,0.031955877200815844,False
2005-01-01,2,1048.181046,680.067919,368.11312699999996,10.114354890414612,0.05443174332398888,False
2005-02-01,2,916.562834,825.927148,90.63568599999996,9.231635534239224,0.019846755872788228,False
2005-03-01,2,1209.15404,892.241112,316.91292799999985,5.232933859084921,-0.13682257089433522,False
2005-04-01,2,1185.318329,750.992812,434.325517,15.032686173537346,0.24713220300876565,False
2005-05-01,2,1092.293109,1063.561984,28.73112500000002,3.7565890931677393,-0.19466583086783296,False
2005-06-01,2,1161.343133,892.078237,269.26489600000014,5.277397547722784,-0.13508048140369866,False
2005-07-01,2,1258.039651,941.283681,316.75597000000005,14.047616748003255,0.20853713484546044,False
2005-08-01,2,1234.18654,856.341586,377.8449539999999,19.324362698301243,0.4152802986806144,False
2005-09-01,2,1269.921286,1003.436805,266.48448099999996,11.591773838367626,0.11231708980207007,False
2005-10-01,2,1379.058297,920.293391,458.764906,20.484720678856718,0.4607431809836484,False
2005-11-01,2,1047.344088,665.534297,381.809791,15.900818961237118,0.2811456879952746,False
2005-12-01,2,1294.655367,1004.518861,290.13650600000005,12.619478972648658,0.15258262711468099,False
2006-01-01,2,1211.813298,816.167771,395.645527,15.611067632299092,0.26979321678776746,False
2006-02-01,2,1106.710072,646.065191,460.64488100000005,20.745684959772227,0.47096777424484026,False
2006-03-01,2,1635.583376,864.664292,770.919084,35.26675029758823,1.0399038228009647,False
2006-04-01,2,1406.048822,767.778435,638.270387,18.622043344779836,0.3877633921368237,False
2006-05-01,2,1425.443166,1074.277919,351.1652469999999,30.500060309361523,0.8531446764502313,False
2006-06-01,2,1338.9204,1141.94868,196.97172,15.29068041598347,0.2572404300177906,False
2006-07-01,2,1448.501636,1403.256007,45.24562900000001,15.139585214870133,0.25132051266480226,False
2006-08-01,2,1640.151781,1385.992176,254.15960500000006,32.89334536090469,0.9469137015607677,False
2006-09-01,2,1503.019915,1412.286805,90.73311000000012,18.355360412472056,0.37731474183501545,False
2006-10-01,2,1349.085882,1058.396526,290.6893560000001,-2.173397242538755,-0.4270029848810858,False
2006-11-01,2,1470.629893,1163.822674,306.80721900000003,40.41516153571871,1.241618826350728,False
2006-12-01,2,1413.064598,1092.048274,321.01632399999994,9.146003949636427,0.016491706209273493,False
2007-01-01,2,1383.815372,1107.600434,276.2149380000001,14.193776738040054,0.21426369038763426,False
2007-02-01,2,1051.814493,1120.133309,-68.31881599999997,-4.9602493361965205,-0.5361919859075408,False
2007-03-01,2,1400.463429,1281.81913,118.64429899999982,-14.375295717116664,-0.9050739625613958,False
2007-04-01,2,1302.694877,1264.346737,38.34813999999983,-7.350665452212867,-0.6298486059841338,False
2007-05-01,2,1324.253813,1387.067268,-62.813454999999976,-7.098799546245815,-0.6199804874974186,False
2007-06-01,2,1259.306487,1331.439178,-72.13269100000002,-5.946127417283353,-0.5748187372348644,False
2007-07-01,2,1244.64942,1534.801844,-290.1524240000001,-14.073316241666989,-0.893242391976835,False
2007-08-01,2,1564.442167,1475.867798,88.57436899999993,-4.616012668890923,-0.5227047764839358,False
2007-09-01,2,1644.221892,1433.425658,210.7962339999999,9.394551302402409,0.026229803619627196,False
2007-10-01,2,1333.630834,1508.341029,-174.71019499999989,-1.1455940801254338,-0.38673360682146807,False
2007-11-01,2,1335.921316,1410.497132,-74.57581600000003,-9.159923760641252,-0.7007354347992296,False
2007-12-01,2,1406.086922,1557.128644,-151.04172199999994,-0.4937973826445008,-0.3611961804068227,False
2008-01-01,2,1415.510905,1402.393768,13.117137000000184,2.290445216993886,-0.25210941948338894,False
2008-02-01,2,1581.053701,1363.729127,217.32457399999998,50.31678223889999,1.6295648086953503,False
2008-03-01,2,1598.687186,1338.314177,260.37300900000014,14.154154467392388,0.21271128789011237,False
2008-04-01,2,1616.524682,1482.145764,134.37891799999989,24.090814398742744,0.6020301089042952,False
2008-05-01,2,1470.341877,1639.736677,-169.39480000000003,11.031726891467141,0.09037442309250712,False
2008-06-01,2,1492.193382,1643.907395,-151.71401300000002,18.493265730314622,0.3827178789177955,False
2008-07-01,2,1683.578421,1752.627187,-69.04876600000011,35.26527180641759,1.0398458954447494,False
2008-08-01,2,1710.849446,1628.280085,82.56936099999984,9.358433446009261,0.02481470424361093,False
2008-09-01,2,1657.905931,2389.331352,-731.4254210000001,0.8322501401167415,-0.30924157375460254,False
2008-10-01,2,1349.857424,1638.509595,-288.65217099999995,1.21672276812399,-0.2941779174272128,False
2008-11-01,2,1060.207529,1380.962222,-320.7546930000001,-20.638475013299352,-1.1504656330257506,False
2008-12-01,2,1057.717111,981.827499,75.88961199999994,-24.775837506865027,-1.312567697424808,False
2009-01-01,2,857.382222,797.064354,60.317867999999976,-39.42948662765689,-1.8866983850679468,False
2009-02-01,2,829.058544,685.00969,144.048854,-47.562910514954105,-2.2053663298791393,False
2009-03-01,2,950.706546,874.64087,76.06567600000005,-40.532046899136155,-1.9298967503088764,False
2009-04-01,2,955.023004,948.102372,6.920632000000069,-40.921223496666656,-1.9451447083917386,False
2009-05-01,2,988.537552,1012.634355,-24.096803000000023,-32.768183545383714,-1.6257082052363314,False
2009-06-01,2,1122.097587,1315.173769,-193.07618200000002,-24.802133521323977,-1.3135979765545416,False
2009-07-01,2,1131.104509,1492.110624,-361.0061149999999,-32.81545457632116,-1.6275602865352625,False
2009-08-01,2,1179.24953,1426.133069,-246.88353899999993,-31.07227916769012,-1.5592625889590381,False
2009-09-01,2,1032.211328,1486.803159,-454.59183099999996,-37.740054565255065,-1.8205063544196305,False
2009-10-01,2,1395.404659,1428.5711,-33.16644099999985,3.3742256174752905,-0.20964685050460335,False
2009-11-01,2,1283.427555,1724.333794,-440.9062389999999,21.054370950425504,0.4830621064223527,False
2009-12-01,2,1432.941456,1690.590279,-257.648823,35.4749243533794,1.0480600924656494,False
2010-01-01,2,1440.321063,1356.11621,84.20485300000018,67.99054447853949,2.3220236757149006,False
2010-02-01,2,1408.082278,1310.400864,97.68141400000013,69.84111534589049,2.394529132604616,False
2010-03-01,2,1823.844935,1520.990363,302.8545720000002,91.84099895742173,3.2564856460873752,True
2010-04-01,2,1575.775171,1682.474472,-106.6993010000001,64.9986612259656,2.2048015438766977,False
2010-05-01,2,1532.064623,1670.364113,-138.2994900000001,54.98294626241977,1.8123853428432513,False
2010-06-01,2,1448.108017,1961.483303,-513.375286,29.05366108767864,0.7964746843611605,False
2010-07-01,2,1579.304658,1840.210362,-260.905704,39.624998877977234,1.2106602148608872,False
2010-08-01,2,1646.92241,1654.611039,-7.688628999999992,39.6585173962291,1.2119734720416817,False
2010-09-01,2,1351.891654,1573.019282,-221.12762799999996,30.970433798610664,0.8715739327129961,False
2010-10-01,2,1661.924048,1560.49132,101.432728,19.099792112705003,0.40648161217802503,False
2010-11-01,2,1763.321815,1543.267903,220.05391200000008,37.39161264930142,1.1231560334332735,False
2010-12-01,2,1897.221672,1770.8471,126.37457199999994,32.40050136423716,0.9276040497208012,False
2011-01-01,2,1992.930316,1858.087476,134.84284000000002,38.36708822746695,1.1613752141885039,False
2011-02-01,2,1731.832362,1397.719838,334.1125240000001,22.9922703423159,0.5589890991651085,False
2011-03-01,2,2675.813505,2241.099405,434.71410000000014,46.712774405900916,1.4883596059247244,False
2011-04-01,2,2405.849584,1983.263928,422.585656,52.67721108165626,1.7220465259422502,False
2011-05-01,2,2207.577153,1934.989949,272.58720400000016,44.09164730122485,1.3856637180538665,False
2011-06-01,2,1891.900771,2014.950715,-123.04994399999987,30.646384716479336,0.8588776738616627,False
2011-07-01,2,1826.015958,2334.389993,-508.3740349999998,15.621514110673896,0.2702025103202751,False
2011-08-01,2,2070.193713,2058.472791,11.720921999999973,25.700743424822313,0.6651072067097983,False
2011-09-01,2,2081.874921,2333.682788,-251.807867,53.99717239470434,1.7737626746009048,False
2011-10-01,2,2275.520622,2299.435335,-23.91471300000012,36.92085536269947,1.1047117399714965,False
2011-11-01,2,1941.227877,1973.593673,-32.365796000000046,10.089256566022797,0.05344838974953231,False
2011-12-01,2,1925.720646,2328.829751,-403.1091050000002,1.5021425498453977,-0.28299515645102996,False
2012-01-01,2,1572.494586,1920.516424,-348.0218379999999,-21.096358795116043,-1.1684055419418207,False
2012-02-01,2,1760.7861,1782.182597,-21.396496999999954,1.671855696619673,-0.2763457870784999,False
2012-03-01,2,1928.511349,1898.838871,29.672478000000183,-27.928035889033296,-1.4360709838638146,False
2012-04-01,2,1855.894875,2216.614893,-360.720018,-22.859064534102647,-1.2374684388144461,False
2012-05-01,2,1795.299373,2236.021703,-440.72232999999983,-18.675577405742438,-1.0735592089732806,False
2012-06-01,2,1665.945773,2376.452646,-710.5068730000003,-11.943279555859965,-0.809787450682225,False
2012-07-01,2,1954.435748,2355.533157,-401.09740899999974,7.032785745238268,-0.066304286163004,False
2012-08-01,2,1612.840863,2154.511162,-541.6702989999999,-22.092273159173693,-1.2074255153257063,False
2012-09-01,2,1634.095462,2010.695522,-376.60006,-21.508470777145217,-1.1845521095085758,False
2012-10-01,2,1617.215121,1994.263052,-377.04793100000006,-28.92988508367823,-1.4753234841997267,False
2012-11-01,2,1591.828283,1974.853078,-383.02479500000004,-17.99889637583233,-1.0470468131997175,False
2012-12-01,2,1620.311945,1966.405627,-346.0936820000002,-15.859449896555766,-0.9632231957377778,False
2013-01-01,2,1504.13568,2208.120186,-703.984506,-4.347163202252191,-0.5121712412613151,False
2013-02-01,2,1494.508801,1585.685659,-91.17685800000004,-15.122637496967982,-0.9343548499658636,False
2013-03-01,2,1727.879438,1793.267162,-65.38772400000016,-10.403460218371785,-0.7494572538970492,False
2013-04-01,2,1637.163781,1998.920609,-361.75682800000004,-11.785748047825173,-0.8036153585099656,False
2013-05-01,2,1604.287355,2038.158,-433.87064499999997,-10.63956356653839,-0.7587077945999384,False
2013-06-01,2,1391.540285,2160.833449,-769.2931640000002,-16.47145378002648,-0.987201537757634,False
2013-07-01,2,1658.063304,2343.570109,-685.5068049999998,-15.16409246521826,-0.9359790576448906,False
2013-08-01,2,1639.929876,1819.919207,-179.989331,1.6795837470048092,-0.2760430016872854,False
2013-09-01,2,1744.340854,1768.79481,-24.453956000000062,6.746569864717,-0.07751823832901451,False
2013-10-01,2,1918.600489,1828.49638,90.10410899999988,18.63607160769305,0.38831302016233543,False
2013-11-01,2,1576.126703,2161.420402,-585.2936990000003,-0.9863865448105136,-0.380495847818584,False
2013-12-01,2,1595.010215,2181.058482,-586.0482669999999,-1.5615344982228052,-0.4030301727002008,False
2014-01-01,2,1510.50677,2106.699906,-596.1931359999999,0.4235714958905845,-0.32525362297869026,False
2014-02-01,2,1493.177457,1496.978751,-3.801294000000098,-0.08908237938171082,-0.34533942682910335,False
2014-03-01,2,1547.260708,2020.801824,-473.5411159999999,-10.453202117450044,-0.7514061439303144,False
2014-04-01,2,1621.803369,1962.928227,-341.12485800000013,-0.9382330697920604,-0.37860919231749623,False
2014-05-01,2,1522.161035,1894.053222,-371.8921869999999,-5.119177667519537,-0.5424188056843972,False
2014-06-01,2,1307.94941,1768.863801,-460.914391,-6.007075461706812,-0.5772066845896087,False
2014-07-01,2,1241.278184,1993.645848,-752.3676639999999,-25.136864135074067,-1.326712738335951,False
2014-08-01,2,1318.579943,1829.826698,-511.2467550000001,-19.595345978074008,-1.109595786521463,False
2014-09-01,2,1398.271491,1811.696473,-413.424982,-19.839549260479572,-1.119163683043107,False
2014-10-01,2,1361.53573,1917.954255,-556.418525,-29.03495345663909,-1.4794400681796156,False
2014-11-01,2,1304.463,1448.381575,-143.91857500000015,-17.236158900354592,-1.0171627216893047,False
2014-12-01,2,1537.336972,1739.75071,-202.41373799999997,-3.6158541467397387,-0.4835185167788328,False
2015-01-01,2,1511.537612,1952.102777,-440.565165,0.06824477853879518,-0.3391753411042938,False
2015-02-01,2,1152.710844,1554.076967,-401.366123,-22.80148360155695,-1.2352124150673858,False
2015-03-01,2,1823.185801,2081.300606,-258.1148049999997,17.833135138335066,0.3568539301100044,False
2015-04-01,2,1550.660636,1573.065892,-22.40525600000001,-4.386643557404025,-0.5137180835027849,False
2015-05-01,2,1588.497916,1605.502313,-17.004396999999926,4.358072468988139,-0.1710996828511114,False
2015-06-01,2,1540.041976,1870.921921,-330.87994500000013,17.744766290310878,0.3533916343320625,False
2015-07-01,2,2023.817933,1880.3826,143.43533300000013,63.043059894783426,2.128180988288644,False
2015-08-01,2,1857.193996,1833.804411,23.389584999999897,40.84803927584086,1.2585789973329242,False
2015-09-01,2,1942.641407,2096.047376,-153.4059689999999,38.93163234063248,1.1834940800917906,False
2015-10-01,2,2250.253339,2086.32675,163.9265889999997,65.2731756808174,2.2155570336139547,False
2015-11-01,2,2007.014306,1758.464014,248.55029200000013,53.85751117509658,1.7682907412012772,False
2015-12-01,2,1962.488494,2195.639286,-233.15079200000014,27.65506390228152,0.7416775783864805,False
2016-01-01,2,1862.30375,2261.737932,-399.43418199999996,23.20591530209306,0.5673597191149414,False
2016-02-01,2,1712.353212,1520.726406,191.626806,48.55010872093435,1.5603464540487004,False
2016-03-01,2,1939.150572,2072.995562,-133.84499000000005,6.36055694029618,-0.09264224354505371,False
2016-04-01,2,1614.720328,1782.98414,-168.26381199999992,4.131122601089876,-0.17999158975040175,False
2016-05-01,2,1634.554029,1670.765609,-36.21158000000014,2.899349916427574,-0.228252503645342,False
2016-06-01,2,1891.001329,2127.912683,-236.91135400000007,22.788947215033573,0.5510228891161233,False
2016-07-01,2,1621.796881,1745.658812,-123.86193099999991,-19.86448708872074,-1.1201407483705492,False
2016-08-01,2,2058.679626,2256.49392,-197.8142939999998,10.848927491363703,0.08321233367593807,False
2016-09-01,2,1614.761146,1965.571648,-350.81050200000004,-16.87806405333149,-1.0031325481080957,False
2016-10-01,2,1912.305044,1998.404185,-86.09914100000015,-15.01823324258158,-0.9302642861841307,False
2016-11-01,2,2412.561839,2646.412873,-233.85103400000025,20.20650933018311,0.44984284676604624,False
2016-12-01,2,2239.371378,2832.20168,-592.8303020000003,14.108764705960098,0.21093291482219834,False
2017-01-01,2,2226.035045,2826.151041,-600.115996,19.53125503828257,0.42338635065732216,False
2017-02-01,2,2527.984764,2918.849677,-390.86491300000034,47.63220264862036,1.524382849342096,False
2017-03-01,2,3000.106716,3249.313644,-249.20692800000006,54.7124168344365,1.8017859866531702,False
2017-04-01,2,2323.023904,2511.947375,-188.92347100000006,43.86540280181572,1.3767994475264018,False
2017-05-01,2,2640.872572,2644.549193,-3.6766209999996136,61.56532761512041,2.0702833654588746,False
2017-06-01,2,2021.595892,2490.615549,-469.01965700000005,6.906106357368946,-0.07126759076161278,False
2017-07-01,2,2220.896207,2866.327916,-645.4317090000004,36.940466036079386,1.1054800871115125,False
2017-08-01,2,2390.273892,2647.710025,-257.4361329999997,16.10713302896407,0.2892290832368367,False
2017-09-01,2,1995.088948,2678.857132,-683.768184,23.553192553717793,0.5809660587805491,False
2017-10-01,2,2260.669898,2928.73105,-668.0611519999998,18.217012766505047,0.3718942743147343,False
2017-11-01,2,2348.315201,2762.233233,-413.91803200000004,-2.663004817593817,-0.4461858335643401,False
2017-12-01,2,2611.313729,3162.03742,-550.7236910000001,16.60923036947024,0.30890128153995944,False
2018-01-01,2,2213.602603,3195.204476,-981.6018730000001,-0.5585016295195033,-0.3637312959569191,False
2018-02-01,2,1906.753423,2721.57522,-814.8217970000001,-24.574172670923566,-1.3046664593114816,False
2018-03-01,2,2158.869296,2932.534154,-773.6648580000001,-28.040249885564407,-1.4404675337238888,False
2018-04-01,2,2395.631693,2877.0999,-481.46820700000035,3.125572185244274,-0.2193891041135737,False
2018-05-01,2,2049.258915,2957.314806,-908.055891,-22.402203850069004,-1.2195686149194425,False
2018-06-01,2,2133.480374,2987.937477,-854.4571029999997,5.53446326453062,-0.12500863407449336,False
2018-07-01,2,2316.92715,3464.70809,-1147.78094,4.323972579057145,-0.1724357182026648,False
2018-08-01,2,2292.27439,2933.860282,-641.5858920000001,-4.099927724935382,-0.5024845431950788,False
2018-09-01,2,1929.108955,3062.203935,-1133.09498,-3.3071203700538065,-0.471422312342229,False
2018-10-01,2,2138.575538,3012.958069,-874.3825309999997,-5.40080443005041,-0.5534529559835974,False
2018-11-01,2,2187.026116,3323.95392,-1136.927804,-6.868289441354247,-0.6109490903389928,False
2018-12-01,2,1804.396831,3120.911732,-1316.514901,-30.90080249794451,-1.5525441246704321,False
2019-01-01,2,2520.997298,3568.404365,-1047.407067,13.88662511434533,0.2022294747824343,False
2019-02-01,2,1658.243357,2465.773181,-807.529824,-13.033151691371058,-0.8524886941367474,False
2019-03-01,2,2386.487772,3200.830453,-814.3426810000001,10.543411610037555,0.07124220653656227,False
2019-04-01,2,2462.376375,3665.151726,-1202.7753510000002,2.7860994740980916,-0.23268966150237425,False
2019-05-01,2,2260.641651,3200.276861,-939.6352099999999,10.315081928044222,0.062296238453692844,False
2019-06-01,2,1995.429616,3171.576228,-1176.146612,-6.470683287382339,-0.5953708618233984,False
2019-07-01,2,2560.861012,3877.607663,-1316.746651,10.528335429104875,0.07065152103190998,False
2019-08-01,2,2310.747743,3580.986668,-1270.238925,0.805896234787129,-0.31027412105147373,False
2019-09-01,2,2179.564522,3621.807478,-1442.242956,12.982966376826566,0.16682408134836915,False
2019-10-01,2,2395.314153,3772.661559,-1377.3474060000003,12.00512258922133,0.12851211403172386,False
2019-11-01,2,2069.289497,3893.054563,-1823.765066,-5.38341166292684,-0.5527715065189378,False
2019-12-01,2,2238.024706,3759.623131,-1521.5984249999997,24.031735566709166,0.5997153973822031,False
2020-01-01,2,2076.650262,3740.873171,-1664.222909,-17.625843405406126,-1.0324305796136264,False
2020-02-01,2,1886.320493,2822.813043,-936.4925500000002,13.754141395303044,0.19703875620522043,False
2020-03-01,2,2517.834461,3585.728053,-1067.893592,5.503765430565122,-0.12621137670730004,False
2020-04-01,2,1266.860086,3295.603594,-2028.7435080000002,-48.55132225673664,-2.2440923501561616,False
2020-05-01,2,1287.036785,2453.88155,-1166.844765,-43.06763372113062,-2.029241165729948,False
2020-06-01,2,2065.624869,2984.258148,-918.6332789999997,3.517801501849638,-0.20402154034838738,False
2020-07-01,2,2432.058866,3169.674582,-737.6157160000002,-5.029642194419881,-0.5389108014790678,False
2020-08-01,2,2197.831681,3459.275444,-1261.4437629999998,-4.886559441291627,-0.5333048122291383,False
2020-09-01,2,2124.317739,3591.094081,-1466.776342,-2.5347624464590157,-0.4411612912051171,False
2020-10-01,2,2394.10572,3680.172237,-1286.0665170000002,-0.0504498751650706,-0.3438258034286491,False
2020-11-01,2,2194.879085,3717.965665,-1523.0865800000001,6.0692130406149625,-0.10405711175199577,False
2020-12-01,2,2307.281494,4611.114866,-2303.833372,3.094549752481579,-0.22060456454309482,False
2021-01-01,2,2169.168869,4607.298471,-2438.129602,4.455184808581891,-0.16729481664679613,False
2021-02-01,2,2629.023026,4424.139463,-1795.1164370000006,39.373082981185625,1.2007901377312262,False
2021-03-01,2,2687.906649,4948.092348,-2260.185699,6.754700939808922,-0.07719966241012076,False
2021-04-01,2,2501.445528,4872.391975,-2370.9464469999994,97.45239080805648,3.4763402526282707,True
2021-05-01,2,2044.957288,4912.923346,-2867.9660579999995,58.88879881548996,1.9654168364761297,False
2021-06-01,2,1855.660808,5009.959994,-3154.2991859999997,-10.164675307266558,-0.7401016494273659,False
2021-07-01,2,1889.949226,6532.613835,-4642.664609,-22.290152906192027,-1.2151784534703143,False
2021-08-01,2,2616.128131,3952.393821,-1336.2656900000002,19.032233160351808,0.40383464912798483,False
2021-09-01,2,2808.932667,4913.719651,-2104.7869840000003,32.22752017889165,0.9208266384375717,False
2021-10-01,2,2628.245222,4642.502179,-2014.256957,9.779831360162316,0.04132509508412831,False
2021-11-01,2,2523.419961,4993.29676,-2469.876799,14.968518231609096,0.24461809991265435,False
2021-12-01,2,2565.005362,4923.202893,-2358.197531,11.170022759260245,0.09579286194140792,False
2022-01-01,2,2533.0595,4901.151751,-2368.0922510000005,16.77557871129487,0.3154188176903617,False
2022-02-01,2,2308.069465,3797.309137,-1489.2396720000002,-12.20809242923686,-0.8201628319838633,False
2022-03-01,2,3058.789462,4878.580586,-1819.7911239999999,13.79820289287137,0.19876508783012575,False
2022-04-01,2,3196.854218,5897.080588,-2700.22637,27.80027317068963,0.7473668846088476,False
2022-05-01,2,2060.33958,4507.003245,-2446.663665,0.752206028471325,-0.3123777059549813,False
2022-06-01,2,2549.660781,4733.755909,-2184.0951280000004,37.399074766685494,1.123448399556529,False
2022-07-01,2,2983.492754,3916.726167,-933.2334129999999,57.8610003356778,1.925147641881054,False
2022-08-01,2,2776.638228,4462.100749,-1685.4625210000004,6.135406561246892,-0.10146364638342711,False
2022-09-01,2,2613.006445,4159.810895,-1546.8044499999996,-6.975112800024985,-0.6151344347446371,False
2022-10-01,2,2222.598248,3764.33619,-1541.7379420000002,-15.43413721841821,-0.9465594242533091,False
2022-11-01,2,2452.071188,4454.088755,-2002.0175669999999,-2.8274632880261996,-0.45262932446136933,False
2022-12-01,2,2508.340672,3737.237752,-1228.8970800000002,-2.209145089498654,-0.42840358726945116,False
2023-01-01,2,2399.576821,3436.692377,-1037.1155559999997,-5.269622723035116,-0.5483132503011386,False
2023-02-01,2,2346.256615,2947.933029,-601.676414,1.6545060960719393,-0.27702554527461165,False
2023-03-01,2,2715.749244,4450.333379,-1734.5841349999996,-11.214901262792443,-0.7812495536153549,False
2023-04-01,2,1943.797149,3373.909474,-1430.112325,-39.196565859794866,-1.8775725380166994,False
2023-05-01,2,2453.990516,3788.382974,-1334.3924580000003,19.106119196137563,0.4067295076156711,False
2023-06-01,2,2628.562391,3370.404799,-741.842408,3.0945924488454457,-0.22060289169747496,False
2023-07-01,2,2750.05404,3430.480082,-680.426042,-7.824343252954991,-0.6484073253324425,False
2023-08-01,2,2404.855881,3438.327347,-1033.471466,-13.38965743721655,-0.86645660665627,False
2023-09-01,2,2239.096494,3722.166296,-1483.069802,-14.309568647083836,-0.9024987727500625,False
2023-10-01,2,2551.399295,4098.372565,-1546.9732699999995,14.793543875771121,0.23776259611226425,False
2023-11-01,2,2718.532377,3784.913116,-1066.3807390000002,10.866780308174317,0.08391180790978614,False
2023-12-01,2,2509.997117,3869.295888,-1359.2987710000002,0.06603748121181141,-0.33926182312128,False
2024-01-01,2,2417.086571,4080.67215,-1663.585579,0.72970158099388,-0.313259431305353,False
2024-02-01,2,2227.362272,4330.506413,-2103.144141,-5.067405766269939,-0.5403903800669958,False
2024-03-01,2,2948.882081,3988.879109,-1039.9970279999998,8.58447581326105,-0.00550899357619696,False
2024-04-01,2,2612.094632,4206.932743,-1594.8381110000005,34.381030106140976,1.0052012624773732,False
2024-05-01,2,2690.89478,3807.364533,-1116.4697529999999,9.653837798287569,0.03638866118145493,False
2024-06-01,2,2485.539053,2167.933951,317.605102,-5.441123957707871,-0.5550326770447889,False
2024-07-01,2,2796.589212,2394.041246,402.5479660000001,1.6921548203467252,-0.27555046642028724,False
2024-08-01,2,2658.843128,4913.543526,-2254.7003980000004,10.561433182199087,0.0719482926132945,False
2024-09-01,2,2204.806521,3360.482769,-1155.6762480000002,-1.5314200657222776,-0.4018502877652614,False
2024-10-01,2,2440.246367,3576.3162,-1136.069833,-4.356547727273707,-0.512538927409618,False
2024-11-01,2,2406.582305,3794.896117,-1388.3138119999999,-11.474944151456034,-0.7914380466831531,False
2024-12-01,2,2781.532138,3892.798869,-1111.2667310000002,10.81814075247005,0.08200610774370777,False
2025-01-01,2,2252.919811,4382.70165,-2129.7818389999998,-6.791927189106861,-0.6079572135695017,False
2025-02-01,2,2381.08586,3588.819342,-1207.7334819999996,6.901597909439694,-0.07144423197149082,False
2025-03-01,2,2494.053518,3896.923121,-1402.8696029999996,-15.423762310826694,-0.9461529348675836,False
2025-04-01,2,2428.441999,4066.538687,-1638.096688,-7.030856797840535,-0.6173184872993287,False
2025-05-01,2,2531.044505,4811.468142,-2280.423637,-5.940413433779835,-0.5745948630823571,False
2025-06-01,2,2256.180734,4642.635278,-2386.4545439999997,-9.22770932619903,-0.703391276565684,False
2025-07-01,2,2922.689234,4417.801789,-1495.1125550000002,4.509064880137292,-0.16518379281393583,False
2025-08-01,2,2967.571035,4566.7958,-1599.224765,11.611362240548107,0.11308456435540525,False
2025-09-01,2,3227.331675,3731.828215,-504.4965400000001,46.377092241918305,1.4752075623587695,False
2025-10-01,2,3215.370906,4725.134862,-1509.7639559999998,31.764191906283855,0.9026734141066177,False
2025-11-01,2,3499.017014,4264.708002,-765.6909880000003,45.393615116770334,1.4366748806022958,False
2025-12-01,2,3771.132387,4610.064093,-838.9317059999998,35.57752346199927,1.0520799305481594,False
2026-01-01,2,3571.752799,5513.702879,-1941.9500800000005,58.53883398604458,1.9517051973803567,False
2026-02-01,2,4265.073678,4659.143231,-394.06955300000027,79.12305262272228,2.758195888064634,False
2026-03-01,2,3349.654797,4874.56273,-1524.9079329999995,34.30565033288111,1.0022478792825575,False
2026-04-01,2,4305.361882,5167.090072,-861.7281899999998,77.28905544266202,2.686339789051757,False
2026-05-01,2,3007.185676,4818.569802,-1811.384126,18.812042619535063,0.39520757299360004,False
2026-06-01,2,3361.963292,5051.353229,-1689.3899370000004,49.01125788976797,1.5784143009874432,False
2026-07-01,2,4506.211358,5376.32747,-870.1161120000006,54.180311255082955,1.7809380640876207,False
2000-01-01,3,2843.136683,653.256063,2189.88062,,,False
2000-02-01,3,2881.747034,1702.13226,1179.614774,,,False
2000-03-01,3,3188.319069,1022.498684,2165.820385,,,False
2000-04-01,3,2455.441551,1202.142579,1253.2989719999998,,,False
2000-05-01,3,2651.869264,1111.462373,1540.4068909999999,,,False
2000-06-01,3,2885.16974,1202.359378,1682.8103619999997,,,False
2000-07-01,3,3117.527228,1382.318398,1735.20883,,,False
2000-08-01,3,2946.768259,1268.652286,1678.115973,,,False
2000-09-01,3,3206.132395,1766.329251,1439.803144,,,False
2000-10-01,3,3373.358792,1215.075863,2158.282929,,,False
2000-11-01,3,3188.718504,1116.661482,2072.057022,,,False
2000-12-01,3,3164.357484,1330.171491,1834.185993,,,False
2001-01-01,3,3395.119172,1105.848998,2289.270174,19.41456041492746,0.2465464271565295,False
2001-02-01,3,2921.967093,908.330826,2013.6362670000003,1.3956831923644941,-0.31098009625076123,False
2001-03-01,3,3165.158365,1281.117044,1884.0413209999997,-0.7264236576944749,-0.37664072758747263,False
2001-04-01,3,2651.216545,1186.666832,1464.549713,7.973107481229569,-0.10746638940593387,False
2001-05-01,3,3013.97276,857.799342,2156.1734180000003,13.654651114052818,0.06832765314563753,False
2001-06-01,3,2340.680773,2373.783197,-33.102424000000156,-18.87199076890359,-0.9380871940797464,False
2001-07-01,3,3124.820856,1232.204475,1892.6163809999998,0.23395555087675213,-0.34692539767574565,False
2001-08-01,3,2498.1883,1241.451484,1256.7368159999999,-15.222776939786497,-0.8251759691356169,False
2001-09-01,3,2406.562536,1312.38093,1094.1816059999999,-24.938766104822697,-1.1258007857508578,False
2001-10-01,3,2271.4476,1360.091084,911.356516,-32.66510501679242,-1.364863343259324,False
2001-11-01,3,2189.603126,983.782856,1205.82027,-31.33281839543651,-1.3236407343802037,False
2001-12-01,3,2309.59516,862.430567,1447.164593,-27.01219215344508,-1.189955172406151,False
2002-01-01,3,2370.340381,818.165126,1552.175255,-30.183882776530712,-1.288091234080304,False
2002-02-01,3,2097.593053,1020.744244,1076.848809,-28.21298165796968,-1.2271090965675995,False
2002-03-01,3,2248.275952,1296.169273,952.106679,-28.96797907930272,-1.25046965795542,False
2002-04-01,3,2330.35648,1141.790256,1188.566224,-12.102371102244325,-0.7286267226572477,False
2002-05-01,3,1763.781467,1267.156952,496.624515,-41.479847117131875,-1.6376024522078179,False
2002-06-01,3,2384.722683,957.983447,1426.739236,1.8815854988868175,-0.2959456731662999,False
2002-07-01,3,2499.345084,1568.751721,930.593363,-20.016372164151985,-0.9734957810224388,False
2002-08-01,3,3116.265849,1195.14347,1921.122379,24.741031290555647,0.4113540759705533,False
2002-09-01,3,2585.058563,1318.896321,1266.162242,7.417053341845925,-0.12467139764965507,False
2002-10-01,3,3141.135783,1299.516695,1841.6190880000001,38.28783824905317,0.83050917057231,False
2002-11-01,3,2729.665574,1054.056007,1675.6095670000002,24.664855543323718,0.408997103391319,False
2002-12-01,3,3378.716184,1429.879565,1948.836619,46.290408055756416,1.0781186563103342,False
2003-01-01,3,3421.192581,1332.171993,2089.020588,44.33338808313538,1.0175660187571025,False
2003-02-01,3,3345.58616,1386.488242,1959.097918,59.49643593713789,1.4867296214545378,False
2003-03-01,3,3928.455398,1482.939414,2445.515984,74.73190488495693,1.958134023074024,False
2003-04-01,3,3087.810861,1690.246002,1397.5648589999998,32.503798775026894,0.6515437789236885,False
2003-05-01,3,2993.19265,1597.273854,1395.918796,69.70314667673057,1.8025379753148654,False
2003-06-01,3,2820.433771,1327.348649,1493.085122,18.270933182548177,0.21116117495313871,False
2003-07-01,3,3234.030572,1452.737605,1781.292967,29.39512005377807,0.5553573840423344,False
2003-08-01,3,3158.990237,1289.310499,1869.679738,1.371012297096219,-0.311743444504838,False
2003-09-01,3,3179.406392,1538.294825,1641.111567,22.99165819710676,0.3572262917093046,False
2003-10-01,3,3304.672452,1488.225105,1816.4473469999998,5.206290981913897,-0.19307514097885706,False
2003-11-01,3,3411.612723,1273.928691,2137.684032,24.982809450927988,0.4188349936505633,False
2003-12-01,3,4346.182401,1660.579551,2685.60285,28.634136882566885,0.5318116160915121,False
2004-01-01,3,4234.138399,1700.096315,2534.0420840000006,23.76205953779953,0.38106346956447745,False
2004-02-01,3,3852.131089,1312.92839,2539.202699,15.140692983976244,0.11430764108509871,False
2004-03-01,3,4377.096841,1452.529305,2924.5675359999996,11.420301302858249,-0.0008059153294939942,False
2004-04-01,3,3997.51165,1851.803234,2145.708416,29.4610269200682,0.5573966246441514,False
2004-05-01,3,4264.591152,2026.94856,2237.642592,42.4763338236849,0.9601064449855652,False
2004-06-01,3,3888.571322,2015.942717,1872.6286049999999,37.87139276173417,0.8176238280581334,False
2004-07-01,3,4506.410725,2043.906717,2462.504008,39.343479434491854,0.8631720248008858,False
2004-08-01,3,5129.782647,2308.6285,2821.154147,62.38678381835088,1.5761605879762741,False
2004-09-01,3,5276.420525,3026.655424,2249.7651010000004,65.95615264146456,1.6866013089007206,False
2004-10-01,3,5359.104547,2363.092747,2996.0117999999998,62.1674954126437,1.569375531341094,False
2004-11-01,3,5293.669258,2272.087801,3021.581457,55.16618349766893,1.3527462129306147,False
2004-12-01,3,5638.046382,2743.655368,2894.3910140000003,29.724108696007768,0.5655367027466726,False
2005-01-01,3,5309.253984,2464.632538,2844.621446,25.391602344739496,0.43148355538197614,False
2005-02-01,3,4819.221845,2252.27938,2566.942465,25.10534386437646,0.422626361152759,False
2005-03-01,3,6103.839315,2995.007694,3108.8316210000003,39.44949213427742,0.8664521898865581,False
2005-04-01,3,5898.350316,2511.545975,3386.804341,47.550547251063044,1.117108933889274,False
2005-05-01,3,5420.482805,3019.164288,2401.3185169999997,27.10439551650601,0.48447951126622985,False
2005-06-01,3,5391.298443,2974.932013,2416.3664299999996,38.64471026924885,0.8415512357500387,False
2005-07-01,3,5629.817382,2988.344107,2641.4732750000003,24.92907827437323,0.4171724840672444,False
2005-08-01,3,6541.930033,2561.115689,3980.8143439999994,27.52840584436558,0.49759891937698153,False
2005-09-01,3,6380.222967,3513.235235,2866.9877319999996,20.91953127636654,0.29311210169016505,False
2005-10-01,3,6678.643329,3267.584543,3411.0587860000005,24.622374324432084,0.407682681522175,False
2005-11-01,3,6468.547796,3203.518845,3265.028951,22.19402990136714,0.332546677924149,False
2005-12-01,3,7244.651296,3186.797849,4057.853447,28.495773272267467,0.5275304735062393,False
2006-01-01,3,6887.507863,2712.700778,4174.807085,29.726471624002837,0.565609814684441,False
2006-02-01,3,6295.507832,3114.212937,3181.2948950000005,30.633285507112817,0.5936677666524305,False
2006-03-01,3,7329.212929,3269.134839,4060.0780900000004,20.075456622665033,0.26699537969013143,False
2006-04-01,3,6398.014562,3297.236977,3100.7775850000003,8.471254151259888,-0.09205311045084151,False
2006-05-01,3,6445.275936,4054.685602,2390.590334,18.905938232194064,0.23080902277974089,False
2006-06-01,3,6355.574504,3109.977058,3245.597446,17.88578523698694,0.19924421739613096,False
2006-07-01,3,7113.685961,3900.587527,3213.098434,26.357312827665,0.4613638415681346,False
2006-08-01,3,7011.502473,4389.877393,2621.62508,7.177888446242875,-0.1320714576600351,False
2006-09-01,3,6587.182008,3929.915619,2657.266389,3.2437587537369916,-0.25379833459050666,False
2006-10-01,3,6599.663776,3194.122393,3405.541383,-1.1825688108998866,-0.3907544272533571,False
2006-11-01,3,6667.063982,3324.43879,3342.6251919999995,3.0689451830711922,-0.2592072843876491,False
2006-12-01,3,6963.172346,3248.723159,3714.449187,-3.8853346903723773,-0.474381372803509,False
2007-01-01,3,6659.109538,3306.79878,3352.3107579999996,-3.316124344873217,-0.4567692951421867,False
2007-02-01,3,5627.239458,2742.552944,2884.686514,-10.615003456960203,-0.6826057135754291,False
2007-03-01,3,6379.436713,4063.186496,2316.2502170000002,-12.958775044479264,-0.755124928214066,False
2007-04-01,3,6534.981161,3196.982752,3337.998409,2.1407672282193646,-0.28792626736755667,False
2007-05-01,3,7180.918982,3795.858928,3385.060054,11.413678069096722,-0.0010108464385285795,False
2007-06-01,3,7315.651408,3553.687622,3761.963786,15.106060095680673,0.1132360563482426,False
2007-07-01,3,7664.057142,3375.896557,4288.160585,7.736793330733871,-0.11477824380898383,False
2007-08-01,3,6858.356664,4414.288273,2444.068391,-2.1842081578054895,-0.4217463972796004,False
2007-09-01,3,6904.86743,3077.599865,3827.267565,4.82278190604386,-0.20494138986462151,False
2007-10-01,3,8729.346307,4105.334721,4624.011586,32.269561045589846,0.6442961715766377,False
2007-11-01,3,8412.062991,4408.616306,4003.446685000001,26.1734252695222,0.45567413128691703,False
2007-12-01,3,8720.696319,4207.263544,4513.432775,25.240276782889204,0.426801353857488,False
2008-01-01,3,9666.383461,4424.207939,5242.175522,45.160301175991854,1.043151740671171,False
2008-02-01,3,9100.110164,3401.962776,5698.147387999999,61.7153531837493,1.555385687143395,False
2008-03-01,3,9986.916264,5139.500129,4847.4161349999995,56.54855927402942,1.395518642706186,False
2008-04-01,3,9271.377328,4734.123222,4537.254106,41.87305364138603,0.9414402041025629,False
2008-05-01,3,10507.531382,5801.582981,4705.948401,46.325719707166016,1.0792112428240772,False
2008-06-01,3,11627.779216,6031.065612,5596.7136040000005,58.943866615685,1.4696324378217314,False
2008-07-01,3,11254.540802,5147.557026,6106.983775999999,46.848341465562626,1.095381811523608,False
2008-08-01,3,10355.927701,7122.791023,3233.1366780000008,50.99721709369533,1.2237531954023788,False
2008-09-01,3,12019.670854,5184.013183,6835.657671,74.07533129133515,1.9378188176096893,False
2008-10-01,3,10292.472901,4034.62269,6257.850210999999,17.906570996576686,0.1998873547091451,False
2008-11-01,3,9697.302272,3535.539778,6161.7624940000005,15.278526591813058,0.11857238473348307,False
2008-12-01,3,7871.928671,2247.354327,5624.574344,-9.732796750997618,-0.655309138343426,False
2009-01-01,3,6264.87628,2195.8478,4069.0284800000004,-35.18903625873858,-1.4429569221910494,False
2009-02-01,3,6430.489622,2102.052814,4328.436808,-29.33613433121951,-1.261860840388157,False
2009-03-01,3,6391.87184,2007.874669,4383.997171,-35.99754247423817,-1.467973112373878,False
2009-04-01,3,4671.184394,2359.625053,2311.5593409999997,-49.61714717517967,-1.8893806598757446,False
2009-05-01,3,5293.980534,2142.948767,3151.0317670000004,-49.617276013385116,-1.8893846462904293,False
2009-06-01,3,5903.249371,2998.373637,2904.8757339999997,-49.23149759433822,-1.8774481810978338,False
2009-07-01,3,6245.361859,3649.913087,2595.4487719999997,-44.50807039688228,-1.731299455434311,False
2009-08-01,3,6625.839253,3331.683954,3294.155299,-36.018873013567024,-1.4686331058511366,False
2009-09-01,3,6819.414173,3598.714439,3220.6997340000003,-43.26455145208421,-1.6928234291247342,False
2009-10-01,3,8306.895539,4658.186265,3648.709273999999,-19.29154811577969,-0.9510688214078307,False
2009-11-01,3,7273.417417,3214.704911,4058.712506,-24.99545530305607,-1.1275548202123515,False
2009-12-01,3,9281.56818,3428.289811,5853.278369,17.907168216514457,0.19990583343850774,False
2010-01-01,3,8191.024649,3471.515814,4719.5088350000005,30.745194045555824,0.597130356335854,False
2010-02-01,3,8343.265503,2848.740577,5494.524926,29.74541587713646,0.5661959734921003,False
2010-03-01,3,9628.866373,4863.973744,4764.892629000001,50.642356637113075,1.212773370510443,False
2010-04-01,3,7735.637462,3251.298656,4484.338806,65.60334188340329,1.6756849042361568,False
2010-05-01,3,9127.566387,4589.282137,4538.284250000001,72.41405268453902,1.8864167865831294,False
2010-06-01,3,7763.801035,3930.874036,3832.9269990000003,31.517416037683432,0.6210238674160254,False
2010-07-01,3,8296.994925,5480.261846,2816.7330790000005,32.85050750171435,0.662271379130819,False
2010-08-01,3,8394.954368,3817.663671,4577.290697,26.700241998762554,0.47197449761375954,False
2010-09-01,3,8559.688163,4548.724925,4010.9632380000003,25.51940600543432,0.4354379599625616,False
2010-10-01,3,8056.747747,6694.415258,1362.3324890000004,-3.011327045411627,-0.44733848673976506,False
2010-11-01,3,8543.99582,4144.819564,4399.176256,17.46879534275463,0.1863420302534047,False
2010-12-01,3,9315.89143,5048.982575,4266.908855,0.36980011711771343,-0.3427221974538552,False
2011-01-01,3,10239.801972,4918.914316,5320.887655999999,25.01246682550422,0.41975262979052047,False
2011-02-01,3,9625.409006,4192.271866,5433.13714,15.367406233674053,0.12132243164908091,False
2011-03-01,3,11126.835436,7193.72222,3933.1132159999997,15.557065650016778,0.12719073041814122,False
2011-04-01,3,10958.581244,5366.149361,5592.431883000001,41.663583613272515,0.9349589403096159,False
2011-05-01,3,8939.577351,5438.540794,3501.0365570000004,-2.0595745681756483,-0.4178900786495424,False
2011-06-01,3,10167.025458,6868.164233,3298.8612249999996,30.95422476910499,0.6035980274979477,False
2011-07-01,3,10191.459673,5509.275221,4682.1844519999995,22.833143386549647,0.35232164586778636,False
2011-08-01,3,9421.64753,5238.545841,4183.101689,12.22988377296681,0.024243575512583663,False
2011-09-01,3,10477.517988,5156.403574,5321.114414,22.405370248065637,0.3390858117056347,False
2011-10-01,3,12355.214261,5474.80428,6880.409980999999,53.35237801879262,1.2966248103435134,False
2011-11-01,3,11102.030503,5088.367178,6013.6633249999995,29.939559158164464,0.5722030086240613,False
2011-12-01,3,11147.225662,7189.875447,3957.3502150000004,19.658174912843542,0.25408416340930173,False
2012-01-01,3,13092.805403,5870.349478,7222.455925,27.86190044300987,0.5079176579898647,False
2012-02-01,3,11779.49034,6256.69855,5522.79179,22.379114826780388,0.3382734362413394,False
2012-03-01,3,12813.403894,7233.501553,5579.902340999999,15.157665157365763,0.11483278128710171,False
2012-04-01,3,12449.269348,6923.910977,5525.358371,13.602929711509649,0.06672732847560015,False
2012-05-01,3,10946.444698,8396.904144,2549.5405539999992,22.449241929491293,0.34044325621891713,False
2012-06-01,3,11730.810535,6650.443923,5080.366612000001,15.380949752314477,0.12174148499902226,False
2012-07-01,3,10429.454278,8450.594784,1978.8594939999984,2.3352357035814286,-0.281909170317516,False
2012-08-01,3,10772.124378,5359.275961,5412.848417,14.333765338810123,0.08934029383621674,False
2012-09-01,3,11574.625186,9452.223672,2122.401513999999,10.471060028305622,-0.0301766236782551,False
2012-10-01,3,13301.940923,8100.707678,5201.233245,7.662567738613824,-0.1170748761580138,False
2012-11-01,3,11660.321979,6074.639714,5585.682265,5.028733039862732,-0.19856900504776703,False
2012-12-01,3,12837.433548,7277.774671,5559.658877000001,15.162587869390531,0.11498509613374865,False
2013-01-01,3,13791.176367,11338.780851,2452.3955160000005,5.3340055282573795,-0.1891234937073911,False
2013-02-01,3,13393.570133,6523.770306,6869.799826999999,13.702458649836613,0.06980687789915509,False
2013-03-01,3,13276.89149,8275.339146,5001.552344,3.6172089776786986,-0.24224331912266278,False
2013-04-01,3,11021.27926,8498.147976,2523.131283999999,-11.470473070208008,-0.7090750098286608,False
2013-05-01,3,10231.870816,7046.844193,3185.0266230000007,-6.527908391393577,-0.5561458973174469,False
2013-06-01,3,11762.752871,8319.418971,3443.3339000000014,0.2722943645257603,-0.34573914698868696,False
2013-07-01,3,12424.001078,8351.662435,4072.338642999999,19.124172241756867,0.2375614550838152,False
2013-08-01,3,14349.789777,10944.788199,3405.0015779999994,33.212254829759445,0.6734642924109159,False
2013-09-01,3,13826.33937,8162.464592,5663.874777999999,19.45388423223884,0.247763155084797,False
2013-10-01,3,15613.115008,11347.329033,4265.785975000001,17.374713196957714,0.1834310113806433,False
2013-11-01,3,13193.058776,7247.640073,5945.418703,13.144892566092325,0.05255508821214176,False
2013-12-01,3,17463.873869,8966.177407,8497.696462,36.03867006361854,0.7609171031257628,False
2014-01-01,3,15871.15457,11741.844537,4129.310033,15.08194912202736,0.11249003276692512,False
2014-02-01,3,13925.468205,9086.068169,4839.400035999999,3.971294186077201,-0.23128748137594865,False
2014-03-01,3,14890.985603,9197.259865,5693.725737999999,12.157168823859976,0.021993684341534075,False
2014-04-01,3,14995.988555,9694.705739,5301.282815999999,36.0639559277441,0.7616994792828975,False
2014-05-01,3,14307.435441,10324.656673,3982.778768,39.83205709191393,0.8782892265772495,False
2014-06-01,3,13333.450408,10301.380704,3032.0697040000014,13.353145766348717,0.058998701834304716,False
2014-07-01,3,13242.857036,10616.958115,2625.898921,6.590919888521274,-0.15023299654471867,False
2014-08-01,3,13274.54696,9343.946217,3930.600742999999,-7.49309107457038,-0.5860098527214309,False
2014-09-01,3,13187.69978,8017.182093,5170.5176870000005,-4.61900704813959,-0.49708211014100456,False
2014-10-01,3,15111.982656,11241.694659,3870.2879969999995,-3.209688468593397,-0.45347603644825485,False
2014-11-01,3,12725.540448,6945.013292,5780.527156,-3.5436689545450983,-0.46380980902013125,False
2014-12-01,3,13756.987101,8365.756823,5391.230278000001,-21.226028061162694,-1.0109240424201589,False
2015-01-01,3,12371.920831,5503.082027,6868.838803999999,-22.047757921873735,-1.0363493886702855,False
2015-02-01,3,10336.504023,7420.150708,2916.3533149999994,-25.77266436694291,-1.1516026375095842,False
2015-03-01,3,10979.54571,7717.05746,3262.4882500000003,-26.267165903457624,-1.1669031314897191,False
2015-04-01,3,8788.151293,5948.597572,2839.553721000001,-41.39665243962971,-1.6350283051762986,False
2015-05-01,3,9809.745233,7001.78446,2807.960773,-31.43603356833068,-1.3268343404964886,False
2015-06-01,3,9510.474837,6507.178423,3003.2964139999995,-28.672065024565853,-1.24131370821854,False
2015-07-01,3,9480.580057,10124.611644,-644.0315870000013,-28.40985875459088,-1.2332007193619596,False
2015-08-01,3,9499.443739,7332.560837,2166.8829020000003,-28.43865958194629,-1.234091852863142,False
2015-09-01,3,10488.025393,6880.116581,3607.9088119999997,-20.47115442447539,-0.9875673110835862,False
2015-10-01,3,12394.305267,8034.005776,4360.299491,-17.98359256269385,-0.9105990461118377,False
2015-11-01,3,12663.800317,6359.982335,6303.817982,-0.4851670642381567,-0.3691759478380241,False
2015-12-01,3,9553.016792,6318.989465,3234.0273270000007,-30.558800979717514,-1.2996916706559587,False
2016-01-01,3,8282.050937,5126.697535,3155.3534019999997,-33.05767915805053,-1.37701007656861,False
2016-02-01,3,8257.673948,4814.876028,3442.79792,-20.11153935967466,-0.9764403726863268,False
2016-03-01,3,9155.887492,4914.321925,4241.565567,-16.609596299954752,-0.8680858889335249,False
2016-04-01,3,8997.875822,4722.646615,4275.229207,2.38644650060873,-0.28032464441865496,False
2016-05-01,3,7595.050539,5360.124587,2234.9259519999996,-22.57647514177803,-1.0527085585474019,False
2016-06-01,3,9273.467563,7160.98647,2112.4810930000003,-2.492065623032147,-0.4312718910255634,False
2016-07-01,3,8704.323154,5872.505662,2831.817492,-8.187862961263104,-0.6075069609909672,False
2016-08-01,3,7970.745267,5434.766556,2535.9787110000007,-16.092505140315982,-0.8520864438539473,False
2016-09-01,3,9653.49267,7148.428113,2505.0645569999997,-7.9570051723653386,-0.6003639332175997,False
2016-10-01,3,9683.94625,6719.123667,2964.822583000001,-21.867776842776053,-1.0307805497204994,False
2016-11-01,3,11182.635909,7519.651618,3662.9842910000007,-11.696049929117013,-0.7160546390450248,False
2016-12-01,3,12406.032317,7389.724376,5016.307940999999,29.865073904080287,0.5698983420101693,False
2017-01-01,3,12050.522527,7908.320634,4142.2018929999995,45.501671248656315,1.0537141562677206,False
2017-02-01,3,11242.073029,10852.317466,389.7555629999988,36.14091691913821,0.7640807482953869,False
2017-03-01,3,13488.014633,9127.522995,4360.491638000001,47.31520723452771,1.1098272204053028,False
2017-04-01,3,11689.221026,8255.185739,3434.035286999999,29.910895162829455,0.5713161088761636,False
2017-05-01,3,12012.22206,9928.357156,2083.864904,58.15855336733,1.445333866954463,False
2017-06-01,3,10583.019706,6658.286588,3924.733117999999,14.121493757361602,0.08277234649069795,False
2017-07-01,3,13245.732727,9553.551746,3692.1809810000013,52.17418393885151,1.2601700167858942,False
2017-08-01,3,11467.13147,8578.871384,2888.2600860000002,43.86523575750849,1.0030808022084838,False
2017-09-01,3,10980.5171,8296.92245,2683.594649999999,13.746573135378991,0.07117183507448595,False
2017-10-01,3,12203.535633,9723.918383,2479.6172499999993,26.01820908495851,0.45087154904566745,False
2017-11-01,3,11693.622095,9367.731696,2325.890399,4.56946099433273,-0.21277945466012504,False
2017-12-01,3,13356.982163,8556.622729,4800.359434,7.66522141568915,-0.11699276808125753,False
2018-01-01,3,12685.522362,9628.965231,3056.5571309999996,5.269479672580513,-0.1911200041192805,False
2018-02-01,3,11869.479926,7922.642001,3946.837925,5.580882595065373,-0.18148480950601928,False
2018-03-01,3,12246.48876,8739.670084,3506.818676000001,-9.204659890881661,-0.6389679255216312,False
2018-04-01,3,12253.911399,10718.126796,1535.784603,4.830864022024883,-0.20469131912108862,False
2018-05-01,3,14577.266682,12055.919843,2521.346839,21.353623078126805,0.30654344317086263,False
2018-06-01,3,11458.759882,9670.856392,1787.9034900000006,8.274955545093654,-0.09812683402938481,False
2018-07-01,3,12852.779713,11268.214736,1584.564977,-2.9666385552156616,-0.4459557691449041,False
2018-08-01,3,11795.612694,10216.46063,1579.1520639999999,2.864545722348799,-0.26553165850459937,False
2018-09-01,3,12259.968757,9073.86931,3186.0994470000005,11.652016433725155,0.0063636396731520705,False
2018-10-01,3,16556.014467,14451.706643,2104.3078240000013,35.66571987736336,0.7493775594472817,False
2018-11-01,3,15409.36051,12590.564006,2818.796504,31.775769601694147,0.6290176487473291,False
2018-12-01,3,13304.137175,10162.830676,3141.3064990000003,-0.3956356859290078,-0.3664057353842727,False
2019-01-01,3,12655.821414,9236.550173,3419.2712410000004,-0.2341326368157315,-0.36140862971672016,False
2019-02-01,3,9830.127802,7313.577515,2516.550287000001,-17.181478352162806,-0.8857806325309415,False
2019-03-01,3,12759.056683,10052.027433,2707.0292500000014,4.185427619663296,-0.22466192600432822,False
2019-04-01,3,12894.182272,12038.633247,855.5490250000003,5.225032662242435,-0.1924952500263122,False
2019-05-01,3,12700.185098,12220.976872,479.20822600000065,-12.876773300153854,-0.7525876920221332,False
2019-06-01,3,12412.717165,10258.382485,2154.33468,8.32513546687128,-0.09657420469582689,False
2019-07-01,3,12074.273524,11232.742326,841.5311980000006,-6.057103649046258,-0.5415786116890235,False
2019-08-01,3,10859.364433,8889.155371,1970.209062,-7.937258413683201,-0.5997529438878746,False
2019-09-01,3,10166.522294,10511.20574,-344.6834459999991,-17.0754632780342,-0.8825003939801357,False
2019-10-01,3,11776.978888,9718.411735,2058.567153,-28.865857713072995,-1.2473098955808606,False
2019-11-01,3,11962.633872,10985.404359,977.2295130000002,-22.36774612264555,-1.046250222496062,False
2019-12-01,3,13589.120825,11087.211596,2501.909229000001,2.142067886488097,-0.2878860233793353,False
2020-01-01,3,13350.479882,11788.938755,1561.5411270000004,5.488845372229734,-0.18433255591317957,False
2020-02-01,3,10375.521298,10122.701672,252.81962600000043,5.5481831669475845,-0.18249657057474386,False
2020-03-01,3,13577.558903,12434.949799,1142.6091039999992,6.41506845165567,-0.15567405921587613,False
2020-04-01,3,9568.461999,7513.149057,2055.3129419999996,-25.792409342792332,-1.152213571676243,False
2020-05-01,3,6906.077656,4639.548101,2266.529555,-45.62222831628213,-1.7657728903579852,False
2020-06-01,3,7604.877223,6434.91404,1169.9631830000008,-38.733178868818605,-1.552617112637505,False
2020-07-01,3,9908.139247,8082.319288,1825.8199589999995,-17.940079564160794,-0.9092526996943826,False
2020-08-01,3,8401.559124,7416.469603,985.0895209999999,-22.633049329582267,-1.054459034442847,False
2020-09-01,3,7131.263403,6011.54744,1119.7159629999996,-29.855429449963687,-1.277928478709888,False
2020-10-01,3,7104.758026,7951.114894,-846.3568679999998,-39.67249076722638,-1.5816805937104894,False
2020-11-01,3,8116.03972,6324.257624,1791.782096,-32.15507716075322,-1.3490824455981565,False
2020-12-01,3,9970.561612,6429.074743,3541.4868689999994,-26.62835410472554,-1.1780787446903285,False
2021-01-01,3,8698.099157,7129.725366,1568.373791000001,-34.848041164967015,-1.4324061089088906,False
2021-02-01,3,11002.948017,8491.161876,2511.7861410000005,6.047182603932821,-0.1670569059470161,False
2021-03-01,3,9289.960365,7982.915858,1307.0445070000005,-31.57856702100288,-1.3312445032028568,False
2021-04-01,3,14780.853663,12922.18816,1858.6655030000002,54.47470726794701,1.331351076396086,False
2021-05-01,3,11593.427003,9069.491327,2523.935676000001,67.8728155181926,1.7459052475982955,False
2021-06-01,3,13938.746594,11124.078149,2814.6684449999993,83.2869379119495,2.2228374095425893,False
2021-07-01,3,15331.708043,11952.992411,3378.7156320000013,54.73852012770366,1.339513775143269,False
2021-08-01,3,12693.088496,8237.720638,4455.367858,51.08015439349543,1.2263193788469517,False
2021-09-01,3,13941.693123,11157.308036,2784.3850869999987,95.50102604729153,2.6007565224027682,False
2021-10-01,3,14856.549705,12634.522553,2222.0271519999988,109.1070470047279,3.0217437719472358,True
2021-11-01,3,15231.984953,13177.207207,2054.7777459999998,87.67755553813382,2.358688592194087,False
2021-12-01,3,13447.046931,9765.46326,3681.5836710000003,34.867497481946266,0.7246795634775067,False
2022-01-01,3,12220.164086,10008.227509,2211.9365770000004,40.4923520119397,0.8987195745194894,False
2022-02-01,3,13156.032201,11110.029717,2046.0024840000005,19.568248261042378,0.25130172070096357,False
2022-03-01,3,18479.843092,18598.856114,-119.01302199999918,98.92273342330881,2.7066284140808587,False
2022-04-01,3,17063.454005,17448.744159,-385.2901540000021,15.442953391209691,0.1236599548795187,False
2022-05-01,3,20625.543034,18206.615437,2418.927596999998,77.90721439538784,2.0563820576339067,False
2022-06-01,3,27325.512484,24921.196726,2404.3157580000006,96.03995452333136,2.6174316412739618,False
2022-07-01,3,28371.762229,27132.298731,1239.463498000001,85.05284701109149,2.277476838433592,False
2022-08-01,3,30086.179318,31044.58816,-958.4088420000007,137.0280434701225,3.8856542086045387,True
2022-09-01,3,27247.310997,21592.166812,5655.144185000001,95.43760400269716,2.5987941652817703,False
2022-10-01,3,28522.513937,24665.638534,3856.875402999998,91.98612398813364,2.492001071052804,False
2022-11-01,3,21646.782524,18073.83299,3572.9495339999994,42.113996244045524,0.9488952685853401,False
2022-12-01,3,20012.83942,18865.323186,1147.5162339999988,48.82702144709277,1.156604636753625,False
2023-01-01,3,20918.967409,16482.954393,4436.013016000001,71.18401407527548,1.8483578586594345,False
2023-02-01,3,20737.327784,20942.24998,-204.92219599999953,57.62600354857555,1.4288561116912457,False
2023-03-01,3,21531.295202,19600.973748,1930.3214540000008,16.51232694351712,0.1567477056576364,False
2023-04-01,3,16964.325488,18882.182636,-1917.8571480000028,-0.5809405116394051,-0.37213929769078224,False
2023-05-01,3,21972.37283,21732.340229,240.03260099999898,6.529911933857124,-0.15212065871389652,False
2023-06-01,3,18245.50966,17806.953317,438.5563430000002,-33.22903030388412,-1.3823118946252217,False
2023-07-01,3,15646.159735,18962.958544,-3316.7988090000017,-44.85305632863585,-1.7419737502185693,False
2023-08-01,3,20011.744283,16819.660956,3192.0833270000003,-33.48525889085775,-1.390239926518024,False
2023-09-01,3,17751.110709,16736.337469,1014.7732400000023,-34.85188057289601,-1.4325249049763789,False
2023-10-01,3,21512.459626,24272.377484,-2759.9178580000007,-24.577266669002874,-1.1146155425652309,False
2023-11-01,3,22156.652566,19964.012403,2192.640163,2.355407975456414,-0.28128501507916387,False
2023-12-01,3,18586.063671,19349.047982,-762.9843110000002,-7.129301939904343,-0.5747537633991877,False
2024-01-01,3,23473.173505,19957.5152,3515.658304999997,12.210000838287538,0.02362837272775155,False
2024-02-01,3,20551.612245,19951.618469,599.9937759999993,-0.8955615734795419,-0.3818740655473941,False
2024-03-01,3,20199.730031,23795.546639,-3595.816608000001,-6.184324530910312,-0.5455149843660991,False
2024-04-01,3,16458.191373,16412.057877,46.1334960000022,-2.9835204197067533,-0.4464781150770117,False
2024-05-01,3,17948.906918,21363.870779,-3414.963861,-18.311476612605794,-0.9207441873528915,False
2024-06-01,3,18486.598561,12680.550363,5806.048197999999,1.3213601893979687,-0.31327974261281255,False
2024-07-01,3,17832.352445,12474.765418,5357.587027,13.9727111765934,0.07816882797094295,False
2024-08-01,3,16977.67495,16530.700724,446.9742260000021,-15.161443650753847,-0.8232782407155191,False
2024-09-01,3,14184.025522,17575.25325,-3391.2277280000017,-20.094997127089353,-0.9759285353887658,False
2024-10-01,3,16267.355722,17690.536035,-1423.1803130000008,-24.381702488639455,-1.108564543036554,False
2024-11-01,3,16261.613178,15664.675665,596.937512999999,-26.606182366401786,-1.1773927234675376,False
2024-12-01,3,18468.973584,15981.238567,2487.735016999999,-0.6299886252014608,-0.37365690746725033,False
2025-01-01,3,17396.499887,15175.817532,2220.6823550000026,-25.887737832746005,-1.155163153990894,False
2025-02-01,3,15680.971449,15757.161141,-76.18969199999992,-23.699555723103806,-1.0874580717539597,False
2025-03-01,3,15300.848619,13808.500217,1492.3484019999996,-24.252212304232845,-1.1045579553099234,False
2025-04-01,3,15682.743031,12818.79936,2863.943670999999,-4.7116255026183556,-0.4999478405797603,False
2025-05-01,3,12895.71487,14105.659524,-1209.9446540000008,-28.153202148106438,-1.2252594440119282,False
2025-06-01,3,12932.268769,15502.232795,-2569.9640259999996,-30.045169064890143,-1.2837992589231035,False
2025-07-01,3,14603.687896,15977.395904,-1373.7080080000014,-18.105656889398702,-0.9143758685441806,False
2025-08-01,3,14703.570778,13197.08475,1506.4860279999994,-13.394673762440013,-0.7686121779344891,False
2025-09-01,3,14582.602207,16736.923443,-2154.3212359999998,2.81003925424268,-0.2672181565749876,False
2025-10-01,3,15576.950111,14680.547419,896.4026919999997,-4.244117008311898,-0.48548254497478915,False
2025-11-01,3,15756.870198,13957.843936,1799.0262620000012,-3.1038924273691038,-0.45020257504855254,False
2025-12-01,3,14172.057455,13126.768002,1045.2894529999994,-23.265592478417396,-1.0740307079893852,False
2026-01-01,3,14717.389132,13807.0809,910.3082319999994,-15.400286105839244,-0.830668324014332,False
2026-02-01,3,12045.171268,10289.074973,1756.0962949999994,-23.186064669685123,-1.0715700184486858,False
2026-03-01,3,16011.233441,11046.014791,4965.218650000001,4.642780539099456,-0.21051085654567586,False
2026-04-01,3,21558.929553,24093.815977,-2534.8864239999966,37.46912456822491,0.8051771486876944,False
2026-05-01,3,20355.207744,16778.821244,3576.3865000000005,57.84474105699577,1.4356241228776252,False
2026-06-01,3,21970.227228,21156.652422,813.5748060000005,69.88687461139789,1.8082227466467666,False
2026-07-01,3,15989.468233,19555.943557,-3566.475323999999,9.489249201084139,-0.060555074587449485,False
2000-01-01,4,1116.946684,58.953819,1057.992865,,,False
2000-02-01,4,1099.756943,41.940353,1057.8165900000001,,,False
2000-03-01,4,1254.55197,32.465587,1222.086383,,,False
2000-04-01,4,1116.55742,58.96587,1057.59155,,,False
2000-05-01,4,1008.684467,50.068924,958.615543,,,False
2000-06-01,4,1100.698246,53.123566,1047.57468,,,False
2000-07-01,4,1032.325817,65.035244,967.2905729999999,,,False
2000-08-01,4,929.934519,55.628674,874.305845,,,False
2000-09-01,4,1155.303802,50.223227,1105.080575,,,False
2000-10-01,4,1123.505049,30.141633,1093.3634160000001,,,False
2000-11-01,4,1104.990367,51.841491,1053.1488760000002,,,False
2000-12-01,4,893.604012,55.604245,837.999767,,,False
2001-01-01,4,986.371445,38.255255,948.11619,-11.690373486081274,-0.7889505813812728,False
2001-02-01,4,798.687254,49.356985,749.330269,-27.37602075770664,-1.3291444952684954,False
2001-03-01,4,981.410652,47.988665,933.4219870000001,-21.772020970960646,-1.1361498087373483,False
2001-04-01,4,990.935271,54.781446,936.153825,-11.250845388676932,-0.7738137879108652,False
2001-05-01,4,966.643455,71.178947,895.464508,-4.1679051651342665,-0.529886257543272,False
2001-06-01,4,990.528785,53.76991,936.758875,-10.009052108546735,-0.7310479931294251,False
2001-07-01,4,985.124293,36.469103,948.65519,-4.572347530469633,-0.5438147426410808,False
2001-08-01,4,1149.543598,85.244534,1064.299064,23.615542225075735,0.42694063822320955,False
2001-09-01,4,967.573414,127.506107,840.0673069999999,-16.2494391237189,-0.9459590533822513,False
2001-10-01,4,1088.058771,46.920632,1041.138139,-3.1549727374656555,-0.4950021419482836,False
2001-11-01,4,1225.574904,77.247648,1148.327256,10.912722916072259,-0.010528441700944881,False
2001-12-01,4,1212.016738,104.574423,1107.442315,35.6324190272324,0.8407867231214917,False
2002-01-01,4,1255.926478,125.283882,1130.6425960000001,27.327943683527867,0.5547910634581056,False
2002-02-01,4,919.70078,76.338933,843.361847,15.15155342644292,0.13545153630377724,False
2002-03-01,4,1266.30928,46.271873,1220.037407,29.029502320910193,0.6133905974218017,False
2002-04-01,4,1221.435492,35.034414,1186.401078,23.26087563392425,0.4147263680256554,False
2002-05-01,4,1465.575869,69.885879,1395.68999,51.61493738143606,1.3912045027657878,False
2002-06-01,4,1431.148786,94.76887,1336.3799159999999,44.48331110337192,1.145600286069078,False
2002-07-01,4,1518.217366,95.357876,1422.85949,54.114295707455476,1.4772792520546734,False
2002-08-01,4,1505.971564,123.163348,1382.808216,31.00604158207838,0.6814601173435999,False
2002-09-01,4,1733.196494,117.203897,1615.992597,79.12816422217242,2.338725343531468,False
2002-10-01,4,2084.453355,102.681405,1981.77195,91.57543788597428,2.7673937536542548,False
2002-11-01,4,1710.623466,227.316432,1483.307034,39.57722701541218,0.976640936197112,False
2002-12-01,4,1813.049168,152.428058,1660.62111,49.58944964669292,1.3214492591335572,False
2003-01-01,4,1927.694578,182.437008,1745.2575700000002,53.48785233589126,1.4557053322250382,False
2003-02-01,4,1353.00167,132.919343,1220.082327,47.113245897214526,1.2361719242649694,False
2003-03-01,4,1919.427727,147.837282,1771.590445,51.57653484147253,1.3898819677114878,False
2003-04-01,4,1854.639376,95.436616,1759.2027600000001,51.840959931758725,1.3989884344054109,False
2003-05-01,4,2104.939614,101.952491,2002.9871229999999,43.62542796479407,1.1160558724875909,False
2003-06-01,4,1927.616827,86.67884,1840.937987,34.69017658098339,0.808337081353079,False
2003-07-01,4,2325.321556,82.156771,2243.164785,53.16130667945473,1.4444595115611747,False
2003-08-01,4,2155.797583,59.370703,2096.42688,43.149952796851096,1.0996811072337573,False
2003-09-01,4,2316.489983,55.309055,2261.1809279999998,33.65420429935395,0.7726595022388003,False
2003-10-01,4,2320.847616,103.398376,2217.44924,11.34082758114776,0.004214943163946981,False
2003-11-01,4,1826.474587,145.552006,1680.9225809999998,6.772450121410878,-0.15311421624878513,False
2003-12-01,4,2193.912106,165.6426,2028.2695060000003,21.00676279067133,0.33709756393142215,False
2004-01-01,4,1848.353939,207.746053,1640.607886,-4.115830376112617,-0.5280928674708494,False
2004-02-01,4,1846.77232,102.372122,1744.400198,36.49445975924035,0.8704743189783714,False
2004-03-01,4,2245.008659,444.096969,1800.9116900000001,16.962396000649214,0.19781467125477428,False
2004-04-01,4,2301.886744,446.556626,1855.3301179999999,24.115058365934306,0.44414334427081736,False
2004-05-01,4,2224.469202,275.823583,1948.6456190000004,5.678528125225379,-0.19078751046315484,False
2004-06-01,4,2183.702928,327.676747,1856.0261810000002,13.285114417607225,0.07117373024609537,False
2004-07-01,4,2192.7755,256.02122,1936.75428,-5.700117287348605,-0.5826537110548442,False
2004-08-01,4,2107.288934,121.533536,1985.7553980000002,-2.2501485938441146,-0.4638411393413491,False
2004-09-01,4,2776.33819,168.32775,2608.01044,19.85107686088363,0.29729719772238894,False
2004-10-01,4,2450.850001,199.725655,2251.1243459999996,5.6015045582380685,-0.19344010499061795,False
2004-11-01,4,2147.659322,144.661412,2002.99791,17.58495504323161,0.21925481969205443,False
2004-12-01,4,2210.549708,216.489548,1994.06016,0.7583531698694079,-0.36023213204096893,False
2005-01-01,4,1977.781692,151.67021,1826.111482,7.002325164520329,-0.14519760961522152,False
2005-02-01,4,1696.436111,152.237352,1544.1987589999999,-8.14048420435498,-0.6666968706000204,False
2005-03-01,4,2247.228259,239.012334,2008.215925,0.09886821554569991,-0.3829439623184673,False
2005-04-01,4,1999.962327,181.227717,1818.73461,-13.116388883466279,-0.838060753593951,False
2005-05-01,4,2308.730344,137.500656,2171.229688,3.7879212678800567,-0.2558976267500911,False
2005-06-01,4,2308.384638,164.00587,2144.378768,5.70964614285665,-0.18971584517287027,False
2005-07-01,4,1802.927951,186.153751,1616.7741999999998,-17.778726048334647,-0.998625766776931,False
2005-08-01,4,2080.396616,135.46085,1944.935766,-1.2761571309043873,-0.43029810147067576,False
2005-09-01,4,2250.216706,96.626855,2153.589851,-18.950194392564246,-1.0389696594391813,False
2005-10-01,4,2223.464293,231.900276,1991.564017,-9.27783046319528,-0.7058656416662505,False
2005-11-01,4,1885.71757,167.994969,1717.722601,-12.196615604567473,-0.8063849216175416,False
2005-12-01,4,1911.559154,250.775578,1660.783576,-13.525620026455432,-0.8521541581559513,False
2006-01-01,4,1769.405702,305.999888,1463.405814,-10.535843811421019,-0.7491900351408982,False
2006-02-01,4,1922.287865,420.321513,1501.966352,13.313307382195894,0.07214466039781355,False
2006-03-01,4,2434.432221,228.885304,2205.546917,8.33043822986208,-0.09945907027234521,False
2006-04-01,4,2239.696317,194.171823,2045.524494,11.986925291718254,0.026465733646658343,False
2006-05-01,4,2101.042545,195.81347,1905.2290749999997,-8.995758189766324,-0.6961514282363533,False
2006-06-01,4,2092.580437,185.698385,1906.8820520000002,-9.348710671847748,-0.7083066666788672,False
2006-07-01,4,2306.885388,140.198677,2166.6867110000003,27.95216729101564,0.5762885374118649,False
2006-08-01,4,2587.857055,178.973027,2408.884028,24.39248531252176,0.4536975785016199,False
2006-09-01,4,2540.443098,157.905019,2382.5380790000004,12.8977085285225,0.05783195990894105,False
2006-10-01,4,2613.774551,217.73421,2396.040341,17.55415003644496,0.21819393410058094,False
2006-11-01,4,2781.15869,252.188276,2528.9704140000003,47.485431235601204,1.2489895180277868,False
2006-12-01,4,2554.915069,214.87089,2340.044179,33.65608192944261,0.7727241654515361,False
2007-01-01,4,2316.922903,234.260301,2082.6626020000003,30.943564858027116,0.6793084977446334,False
2007-02-01,4,1984.663584,111.32128,1873.3423039999998,3.244868790762512,-0.2745996693231726,False
2007-03-01,4,2431.000404,151.189134,2279.8112699999997,-0.14096991365775136,-0.39120368507458003,False
2007-04-01,4,2827.672011,201.199781,2626.4722300000003,26.252474031281814,0.5177532447023148,False
2007-05-01,4,2987.771137,207.549205,2780.2219320000004,42.20421876321407,1.0671112195982695,False
2007-06-01,4,2904.285971,322.392719,2581.893252,38.78969332063959,0.9495192687561492,False
2007-07-01,4,3476.989531,360.464087,3116.5254440000003,50.72224866855848,1.3604614290920216,False
2007-08-01,4,3718.223915,233.849877,3484.374038,43.67964829494804,1.117923152291282,False
2007-09-01,4,4029.171025,264.894222,3764.276803,58.60111285987952,1.6317995773235403,False
2007-10-01,4,4427.237197,302.71058,4124.526617,69.38098947004403,2.0030449353522166,False
2007-11-01,4,4144.238854,357.315788,3786.9230660000003,49.01123294046914,1.301536204848891,False
2007-12-01,4,4327.916771,413.091788,3914.824983,69.39571978390488,2.003552228788024,False
2008-01-01,4,4078.024686,546.298979,3531.725707,76.0103748260112,2.2313526079711656,False
2008-02-01,4,3966.007486,422.075783,3543.931703,99.83273326387594,3.0517645947849537,True
2008-03-01,4,4923.819571,455.970184,4467.849387,102.54293511832753,3.1451005293388947,True
2008-04-01,4,5287.42228,705.843641,4581.578638999999,86.9885283523429,2.609426372983823,False
2008-05-01,4,5320.611415,283.244438,5037.366977000001,78.07961758216824,2.3026147193698634,False
2008-06-01,4,5111.276668,302.719792,4808.556876000001,75.99081905285286,2.2306791318016095,False
2008-07-01,4,6029.027329,516.73843,5512.288898999999,73.39791435224771,2.1413827633253004,False
2008-08-01,4,5181.927943,234.777884,4947.150059,39.365677308866424,0.969355431048251,False
2008-09-01,4,5366.95219,541.521208,4825.430982,33.202392171972896,0.7570996622650181,False
2008-10-01,4,4241.808959,441.700341,3800.108618,-4.1883511036104215,-0.5305903898839572,False
2008-11-01,4,3372.240989,459.056716,2913.184273,-18.628218406255026,-1.0278812124525716,False
2008-12-01,4,3954.016792,309.097446,3644.9193459999997,-8.639259920740283,-0.6838740773623755,False
2009-01-01,4,3190.69298,215.507823,2975.185157,-21.75886058380767,-1.1356965815978284,False
2009-02-01,4,2996.637225,249.146363,2747.490862,-24.441967505655892,-1.2280994008371073,False
2009-03-01,4,3384.316746,414.086004,2970.2307419999997,-31.266434579919743,-1.4631254418542254,False
2009-04-01,4,3417.17267,318.269337,3098.9033329999997,-35.37167093830077,-1.6045046057142696,False
2009-05-01,4,3446.461223,438.569307,3007.8919159999996,-35.22433881783491,-1.5994306732575756,False
2009-06-01,4,4023.626976,525.738419,3497.888557,-21.279413396058423,-1.1191850249902158,False
2009-07-01,4,4048.393517,429.673252,3618.720265,-32.851631016383465,-1.5177176083402366,False
2009-08-01,4,3389.487476,427.26922,2962.2182559999997,-34.59022369119037,-1.5775925478563462,False
2009-09-01,4,3951.26559,462.610195,3488.6553949999998,-26.377850032608542,-1.2947687540968966,False
2009-10-01,4,3963.153903,486.279483,3476.87442,-6.5692504941498475,-0.6125855628006515,False
2009-11-01,4,3913.18357,441.764563,3471.419007,16.041041632686248,0.16608438856460198,False
2009-12-01,4,3916.607001,568.658748,3347.948253,-0.9461211969481242,-0.4189320800499489,False
2010-01-01,4,4442.493169,655.845094,3786.648075,39.23286247992437,0.9647814558066775,False
2010-02-01,4,3681.065906,480.416318,3200.6495879999998,22.839891171678282,0.40022819396829673,False
2010-03-01,4,4950.54042,384.365606,4566.174814,46.278873744638574,1.2074371993962132,False
2010-04-01,4,3914.427336,581.284794,3333.142542,14.551640025846279,0.1147912752224306,False
2010-05-01,4,4049.204604,546.588639,3502.615965,17.488761428028997,0.2159420328757106,False
2010-06-01,4,4563.832451,469.734524,4094.0979270000003,13.425833911100614,0.07601993216776745,False
2010-07-01,4,4467.835084,558.249303,3909.585781,10.360691598746087,-0.029539704209326143,False
2010-08-01,4,3778.475433,711.867162,3066.608271,11.476306071472852,0.008880651544922194,False
2010-09-01,4,4456.363037,583.670558,3872.6924790000003,12.783181375565288,0.05388778916922084,False
2010-10-01,4,4690.349022,604.514126,4085.8348960000003,18.34889930591728,0.24556409683603153,False
2010-11-01,4,5542.601056,741.963292,4800.637764,41.63917835318931,1.047651940340609,False
2010-12-01,4,5602.242868,890.242252,4712.000616,43.03816713215338,1.0958313498929317,False
2011-01-01,4,5496.010596,1445.520387,4050.490209,23.714553673408247,0.4303504676595207,False
2011-02-01,4,4698.913808,1473.054881,3225.858927,27.6509013419441,0.5659133179942832,False
2011-03-01,4,6218.847114,837.854507,5380.992607,25.619560419627874,0.4959564979623626,False
2011-04-01,4,5572.962368,653.816779,4919.145589000001,42.36979996401702,1.072813627371374,False
2011-05-01,4,6034.18374,833.287453,5200.8962870000005,49.021458042380516,1.301888344465813,False
2011-06-01,4,6603.673686,941.220932,5662.452754,44.69579584485057,1.1529179926420354,False
2011-07-01,4,6750.730319,877.566152,5873.164167,51.0962287568625,1.3733408317789793,False
2011-08-01,4,6722.0531,743.187969,5978.8651310000005,77.90384559051861,2.2965613536096425,False
2011-09-01,4,6023.824862,745.579888,5278.244974,35.17356669521268,0.8249844273769994,False
2011-10-01,4,7102.980442,602.754331,6500.226111,51.438206595790504,1.3851181173492972,False
2011-11-01,4,5798.283354,953.138581,4845.144773,4.613038091984212,-0.22748164372379215,False
2011-12-01,4,6096.107123,1406.68577,4689.421353,8.815473849249745,-0.08275505512559982,False
2012-01-01,4,5525.128255,1392.95851,4132.169744999999,0.5297962675179679,-0.36810334356888,False
2012-02-01,4,5174.394877,1248.832794,3925.562083,10.11895702769612,-0.03786473803139548,False
2012-03-01,4,5181.216766,790.202651,4391.014115,-16.68525257139808,-0.9609679189999534,False
2012-04-01,4,4806.980948,870.281225,3936.6997230000006,-13.744600616689473,-0.8596955735693813,False
2012-05-01,4,5979.449365,954.763522,5024.685843,-0.9070717326217892,-0.4175872657363056,False
2012-06-01,4,5616.39327,932.175573,4684.217697,-14.950472463426934,-0.9012242794783739,False
2012-07-01,4,4950.542176,596.526206,4354.01597,-26.66656877009813,-1.3047118633684667,False
2012-08-01,4,4907.640181,795.264743,4112.375438,-26.991945645296976,-1.3159174326802292,False
2012-09-01,4,5251.113573,521.735622,4729.3779509999995,-12.827585573984447,-0.8281147317696054,False
2012-10-01,4,5804.365128,442.795326,5361.569802,-18.282681820736457,-1.015981368136924,False
2012-11-01,4,5086.154693,643.027055,4443.127638,-12.281715423733663,-0.8093156520866399,False
2012-12-01,4,5110.365132,560.097757,4550.267374999999,-16.170024100805158,-0.9432241001280861,False
2013-01-01,4,4020.719981,574.935523,3445.784458,-27.228476961391358,-1.3240632729624506,False
2013-02-01,4,3856.067123,511.789863,3344.27726,-25.4779116271145,-1.2637760101506101,False
2013-03-01,4,3911.260371,361.495916,3549.764455,-24.510775216618296,-1.2304690516425056,False
2013-04-01,4,4277.992408,376.758659,3901.233749,-11.004589902110851,-0.7653330594588764,False
2013-05-01,4,3628.156797,403.53931,3224.617487,-39.32289454214653,-1.7405797645039296,False
2013-06-01,4,3794.652248,273.303599,3521.348649,-32.43613711544812,-1.503408522291327,False
2013-07-01,4,3881.865865,443.818453,3438.0474120000003,-21.587055983098036,-1.1297798477790681,False
2013-08-01,4,4163.095682,201.308101,3961.787581,-15.171130554406053,-0.9088234659022913,False
2013-09-01,4,4196.248586,186.045519,4010.2030669999995,-20.08840548457892,-1.0781682142694624,False
2013-10-01,4,4625.424989,259.807463,4365.617526,-20.31126769253101,-1.0858433077027416,False
2013-11-01,4,4257.959495,223.647508,4034.311987,-16.283326953067967,-0.9471261074956208,False
2013-12-01,4,4405.779783,300.695071,4105.084712,-13.787377825275914,-0.8611687666950026,False
2014-01-01,4,4188.495186,310.710183,3877.785003,4.1727652209759825,-0.24264408625802714,False
2014-02-01,4,3971.61997,209.041428,3762.578542,2.9966502997515576,-0.28314800117307615,False
2014-03-01,4,4101.895577,241.292877,3860.6027000000004,4.874009600932294,-0.21849411401650765,False
2014-04-01,4,4153.190597,466.906242,3686.284355,-2.91729856197539,-0.4868169430295079,False
2014-05-01,4,4341.255959,457.648603,3883.607356,19.65458501103474,0.2905302661716061,False
2014-06-01,4,3997.063648,424.545124,3572.518524,5.334122516936368,-0.20264840534907383,False
2014-07-01,4,4292.805914,339.945235,3952.8606789999994,10.586147571587956,-0.021775284783739964,False
2014-08-01,4,4163.119622,289.703894,3873.415728,0.0005750528411674338,-0.38632905490344244,False
2014-09-01,4,4931.205763,282.867713,4648.33805,17.514624358815347,0.21683271960123357,False
2014-10-01,4,4459.045209,516.465314,3942.579895,-3.5970701156256557,-0.5102274182082912,False
2014-11-01,4,3743.102515,390.948829,3352.153686,-12.091636395427951,-0.8027695700238303,False
2014-12-01,4,4147.798324,591.055381,3556.742943,-5.855523237803184,-0.5880056960359985,False
2015-01-01,4,3372.559306,583.030967,2789.528339,-19.480406297881323,-1.0572294889102256,False
2015-02-01,4,2894.974975,511.774767,2383.200208,-27.108459599169553,-1.3199300263383031,False
2015-03-01,4,3571.410433,785.017024,2786.3934090000002,-12.932682805835361,-0.8317341479166814,False
2015-04-01,4,3351.252396,399.428976,2951.8234199999997,-19.308966980212006,-1.0513253349787859,False
2015-05-01,4,4092.63579,527.465373,3565.170417,-5.726918001335024,-0.5835766938513198,False
2015-06-01,4,4800.445861,604.765253,4195.680608000001,20.09930998726994,0.3058460335961659,False
2015-07-01,4,4378.630918,620.993908,3757.63701,1.999275199470385,-0.3174963420291892,False
2015-08-01,4,4257.937162,471.687868,3786.249294,2.27755982554374,-0.3079125703983465,False
2015-09-01,4,4616.513057,398.751942,4217.761115,-6.381658383862487,-0.6061251270586209,False
2015-10-01,4,4645.600255,742.211598,3903.3886570000004,4.18374421554335,-0.2422659835286217,False
2015-11-01,4,4014.633203,600.685688,3413.947515,7.254161138036586,-0.13652469622914556,False
2015-12-01,4,3866.885093,725.10181,3141.7832829999998,-6.772586540058601,-0.619588199833839,False
2016-01-01,4,3614.97345,360.02349,3254.94996,7.187839323350942,-0.1388087359012571,False
2016-02-01,4,3098.832655,491.473035,2607.35962,7.041776932804056,-0.14383894046055362,False
2016-03-01,4,3816.738332,537.380779,3279.357553,6.869216059099759,-0.1497817193676598,False
2016-04-01,4,3656.763898,481.757717,3175.006181,9.116338189408047,-0.07239366661259847,False
2016-05-01,4,3941.4604,438.691909,3502.768491,-3.6938393191347174,-0.5135600275601456,False
2016-06-01,4,3873.48336,465.824465,3407.658895,-19.3099251161412,-1.051358331972067,False
2016-07-01,4,4111.051406,347.403589,3763.6478169999996,-6.111031439074132,-0.5968050763156072,False
2016-08-01,4,5141.773543,298.163765,4843.609778,20.757384324217032,0.32850928398987134,False
2016-09-01,4,4771.122498,490.654061,4280.4684369999995,3.3490523928133564,-0.2710117174344086,False
2016-10-01,4,4815.230554,475.340278,4339.890276,3.6514183246272314,-0.26059861599815726,False
2016-11-01,4,5137.124358,484.751607,4652.372751,27.959992812324685,0.5765580384984912,False
2016-12-01,4,4658.531676,597.535403,4060.9962729999997,20.472462045305463,0.31869691996474564,False
2017-01-01,4,4399.434273,768.045209,3631.389064,21.7003204546357,0.3609828153664157,False
2017-02-01,4,5010.947949,705.990959,4304.956990000001,61.704374094379745,1.7386719813149036,False
2017-03-01,4,4664.644919,693.496717,3971.1482020000003,22.215475970439158,0.3787241217673229,False
2017-04-01,4,4409.176837,592.758179,3816.418658,20.575923411722542,0.322259998968955,False
2017-05-01,4,4984.796503,555.758686,4429.037816999999,26.47080008719609,0.5252721187790791,False
2017-06-01,4,4433.906847,450.65428,3983.252567,14.468204324492051,0.11191785487247807,False
2017-07-01,4,4692.640477,491.918287,4200.7221899999995,14.146966640971282,0.10085483410297127,False
2017-08-01,4,4765.033368,551.404303,4213.629065,-7.327047211421689,-0.6386831262320614,False
2017-09-01,4,4684.458134,495.498155,4188.959979,-1.8164355251060527,-0.4489046081259959,False
2017-10-01,4,5197.390674,397.457613,4799.933061000001,7.936486440561841,-0.11302627315914832,False
2017-11-01,4,4898.619642,573.626841,4324.992800999999,-4.642767030324646,-0.5462399014236241,False
2017-12-01,4,4256.913791,496.225625,3760.688166,-8.621125988454049,-0.6832495675996456,False
2018-01-01,4,4901.131523,529.093877,4372.037646,11.403676447196688,0.006379378864076422,False
2018-02-01,4,3852.706955,418.74064,3433.966315,-23.11420924320602,-1.1823730804584538,False
2018-03-01,4,4328.271164,470.669505,3857.601659,-7.2111331267656675,-0.6346911913134264,False
2018-04-01,4,4394.532515,529.79446,3864.738055,-0.3321327889848069,-0.3977870934621739,False
2018-05-01,4,3782.398143,434.175038,3348.223105,-24.121312861545306,-1.2170564592097286,False
2018-06-01,4,3276.691466,562.820913,2713.870553,-26.099226279031473,-1.2851733033424344,False
2018-07-01,4,3633.716312,556.762875,3076.953437,-22.56563591841515,-1.1634809068527803,False
2018-08-01,4,3538.590883,608.935827,2929.6550559999996,-25.738381880728944,-1.2727462772562406,False
2018-09-01,4,3999.014977,551.836616,3447.1783609999998,-14.632282697224353,-0.8902662251381642,False
2018-10-01,4,4297.559729,700.898672,3596.6610569999993,-17.31312886486317,-0.9825911868530729,False
2018-11-01,4,3877.316652,750.592542,3126.72411,-20.848791386934952,-1.1043549459704494,False
2018-12-01,4,3182.23985,541.828188,2640.411662,-25.245377138528944,-1.2557678155681635,False
2019-01-01,4,4068.318254,451.582225,3616.7360289999997,-16.992265257354944,-0.9715410487897629,False
2019-02-01,4,3410.692499,474.145646,2936.5468530000003,-11.472828355822873,-0.7814586013994219,False
2019-03-01,4,4067.690377,571.353618,3496.336759,-6.020435807427149,-0.5936850769943807,False
2019-04-01,4,3968.637059,407.083862,3561.553197,-9.691484920097349,-0.7201113795820228,False
2019-05-01,4,4665.740848,545.005794,4120.735054000001,23.35403814203916,0.41793476733584384,False
2019-06-01,4,3584.269056,502.853998,3081.415058,9.386834042555536,-0.06307813050040179,False
2019-07-01,4,3349.191926,533.872639,2815.319287,-7.830121054315264,-0.6560083550518221,False
2019-08-01,4,4252.032259,446.25387,3805.7783889999996,20.161736679634124,0.3079959301669147,False
2019-09-01,4,3669.392133,479.821875,3189.5702579999997,-8.242600887863594,-0.6702136404203828,False
2019-10-01,4,3896.367833,774.101747,3122.2660859999996,-9.335341945168341,-0.7078462645887539,False
2019-11-01,4,3770.48807,531.489249,3238.998821,-2.7552194362277738,-0.48123514230551706,False
2019-12-01,4,4093.264573,846.968509,3246.296064,28.62841162019889,0.5995775394275072,False
2020-01-01,4,3927.428552,953.681077,2973.747475,-3.4630944091327165,-0.5056134638076242,False
2020-02-01,4,3779.569141,628.30433,3151.264811,10.815300473676604,-0.013883547776379897,False
2020-03-01,4,3741.245442,730.023375,3011.2220669999997,-8.02531423841456,-0.6627305621916861,False
2020-04-01,4,3592.211651,627.82159,2964.390061,-9.485004609991975,-0.7130004580545294,False
2020-05-01,4,3833.019368,349.478468,3483.5409,-17.84757248909252,-1.0009967513876508,False
2020-06-01,4,4888.462248,565.251242,4323.2110059999995,36.38658738011882,0.8667593302584989,False
2020-07-01,4,5118.473762,670.44613,4448.027631999999,52.82712591849237,1.4329507475246006,False
2020-08-01,4,4322.155961,522.330857,3799.8251040000005,1.649180855850152,-0.32955314978694744,False
2020-09-01,4,5112.269807,720.155062,4392.114745,39.32198090860191,0.9678505821202523,False
2020-10-01,4,5717.717498,594.320408,5123.39709,46.74480806391568,1.22348338985212,False
2020-11-01,4,4202.102903,860.251177,3341.851726,11.447187339860765,0.00787783914422393,False
2020-12-01,4,6745.476198,1691.696327,5053.779871000001,64.79453203427221,1.8450931243620157,False
2021-01-01,4,3607.249761,1473.643377,2133.6063839999997,-8.152377230056862,-0.66710645140919,False
2021-02-01,4,4247.894589,1020.2358,3227.6587890000005,12.390974487533546,0.04038067848194599,False
2021-03-01,4,5758.254426,1160.908042,4597.346384,53.91276822837223,1.470338899782521,False
2021-04-01,4,6204.000761,1026.155061,5177.8457,72.70699401225231,2.1175883380023772,False
2021-05-01,4,6066.718203,1063.991536,5002.726667000001,58.27517736143095,1.6205747697314292,False
2021-06-01,4,7377.832448,1588.982981,5788.849467,50.9233798628284,1.3673881338148814,False
2021-07-01,4,6958.122252,1272.746819,5685.375433,35.94134844761172,0.8514258628279863,False
2021-08-01,4,5828.147369,1163.507579,4664.63979,34.84352303778424,0.8136181399696294,False
2021-09-01,4,7997.005001,1102.330496,6894.674505000001,56.4276789548561,1.5569492541332668,False
2021-10-01,4,7568.202882,1174.957519,6393.245363,32.36405759198981,0.7282284763926141,False
2021-11-01,4,8222.179619,1402.541359,6819.638260000001,95.66821205472988,2.908343735417265,False
2021-12-01,4,9311.102428,1112.109833,8198.992595,38.03476811260109,0.9235205964820286,False
2022-01-01,4,7136.202728,1324.750994,5811.451734,97.82946013756768,2.9827743942566585,False
2022-02-01,4,6518.29505,2036.814732,4481.480318,53.447664800328184,1.454321324173004,False
2022-03-01,4,8796.119724,1777.060066,7019.059658,52.75670495355773,1.430525538286562,False
2022-04-01,4,8331.731997,1578.00729,6753.724707000001,34.29611500655327,0.7947660976048317,False
2022-05-01,4,9239.547909,1415.511312,7824.036597,52.29894647869142,1.4147609136031807,False
2022-06-01,4,11093.557354,1496.43378,9597.123574000001,50.36336799715839,1.3481020312842704,False
2022-07-01,4,8833.891644,1900.22243,6933.669214,26.95798268650482,0.5420500732071633,False
2022-08-01,4,8535.121573,1706.874539,6828.247034,46.446564107119784,1.2132122440380595,False
2022-09-01,4,8692.566494,1786.301188,6906.265306000001,8.697774890887565,-0.08680845884411444,False
2022-10-01,4,6946.285712,934.680387,6011.6053249999995,-8.217501297159323,-0.6693492421647854,False
2022-11-01,4,7159.961897,1119.662145,6040.299752,-12.918931125578958,-0.8312605573882452,False
2022-12-01,4,9375.034566,1171.722827,8203.311739,0.6866226474723902,-0.36270244078678104,False
2023-01-01,4,5616.015657,1342.983275,4273.032381999999,-21.30246475531462,-1.1199788847373715,False
2023-02-01,4,5660.431215,1054.254256,4606.176958999999,-13.160862287140562,-0.8395923615396528,False
2023-03-01,4,7718.015354,801.781623,6916.233731,-12.25659044929116,-0.8084503796471043,False
2023-04-01,4,5868.468091,779.155242,5089.312849,-29.564848063847304,-1.4045249477835944,False
2023-05-01,4,5800.844433,910.027784,4890.816649,-37.217226533891875,-1.6680632133518567,False
2023-06-01,4,5778.045236,1096.611486,4681.43375,-47.91530749226611,-2.0364916322696125,False
2023-07-01,4,5870.228664,1114.966619,4755.262045,-33.54878121029395,-1.5417265819767272,False
2023-08-01,4,5866.596376,1231.04282,4635.553556000001,-31.265227731982304,-1.4630838795329835,False
2023-09-01,4,6454.478134,655.907194,5798.57094,-25.74715259923326,-1.273048329742466,False
2023-10-01,4,7131.107056,800.81551,6330.2915459999995,2.6607218830736246,-0.2947169522688627,False
2023-11-01,4,6611.605468,638.12199,5973.483478,-7.658650100215758,-0.6501031116016174,False
2023-12-01,4,6512.526736,800.068753,5712.457983,-30.53330427581914,-1.4378773585903721,False
2024-01-01,4,6544.985524,633.23095,5911.754574,16.54144011942167,0.1833174814916521,False
2024-02-01,4,5124.186526,603.169687,4521.016839000001,-9.473566034668245,-0.7126065279433635,False
2024-03-01,4,5887.992809,720.807483,5167.185326000001,-23.711050847437843,-1.2029275527462466,False
2024-04-01,4,6451.426628,780.914807,5670.511821,9.933742979603789,-0.04424327630994525,False
2024-05-01,4,7051.187582,1056.193501,5994.994081,21.554502339125214,0.3559610233313646,False
2024-06-01,4,5887.104371,5687.139809,199.96456200000011,1.8874745791277237,-0.32134661442356927,False
2024-07-01,4,8049.878233,7907.157622,142.72061100000064,37.13057350503237,0.8923812743029665,False
2024-08-01,4,6958.437199,886.423302,6072.013897,18.61114610622736,0.25459554596979905,False
2024-09-01,4,7087.589908,773.20916,6314.380748,9.808876269407163,-0.04854352836376741,False
2024-10-01,4,7628.304775,857.05359,6771.251184999999,6.972237481439381,-0.14623379148274937,False
2024-11-01,4,7584.891593,1158.704944,6426.186649,14.720874222012803,0.12061948754976796,False
2024-12-01,4,8585.863871,1479.86191,7106.001961,31.83614008889959,0.7100476632412339,False
2025-01-01,4,7201.664626,1346.574972,5855.089653999999,10.033316339539699,-0.04081409534653151,False
2025-02-01,4,6661.225977,1059.953041,5601.272936,29.995774806422414,0.6466678034427868,False
2025-03-01,4,6156.688297,1461.794887,4694.89341,4.563447964632172,-0.2291894651812415,False
2025-04-01,4,6627.697095,993.062365,5634.634730000001,2.7322711264352595,-0.292252886544453,False
2025-05-01,4,7737.930787,1087.818987,6650.111800000001,9.73939775411865,-0.050936280824334865,False
2025-06-01,4,7192.48948,1002.200539,6190.288941,22.173636251980767,0.37728321461962344,False
2025-07-01,4,7073.583985,1061.302079,6012.281906,-12.128062310281162,-0.8040240326016721,False
2025-08-01,4,7651.447224,1008.931911,6642.515313,9.959276848824516,-0.04336392204982618,False
2025-09-01,4,7718.820953,1324.849345,6393.971608,8.906145152211886,-0.07963244977969382,False
2025-10-01,4,9573.881087,1267.717563,8306.163524,25.504700839643625,0.49200087885499094,False
2025-11-01,4,7009.71408,724.112769,6285.601310999999,-7.583200180880956,-0.6475047115150828,False
2025-12-01,4,7814.623336,1026.992975,6787.6303609999995,-8.9826783488261,-0.6957009750068393,False
2026-01-01,4,6943.147952,1143.26837,5799.8795820000005,-3.5896794342058502,-0.5099728924591574,False
2026-02-01,4,5704.626033,1009.338194,4695.287839,-14.360718992314114,-0.8809139135577204,False
2026-03-01,4,5872.816498,1190.951832,4681.864666,-4.610787249669979,-0.5451385581014171,False
2026-04-01,4,7064.317069,1317.586242,5746.730826999999,6.587808219681457,-0.15947305052801986,False
2026-05-01,4,5878.459173,1093.486554,4784.972619,-24.030605405827345,-1.2139326088084974,False
2026-06-01,4,6511.741261,1304.042812,5207.698449,-9.464709276154547,-0.7123015123477034,False
2026-07-01,4,7605.404262,1437.754559,6167.649703,7.518399132996234,-0.12742467286235887,False
2000-01-01,5,880.219925,1509.983052,-629.763127,,,False
2000-02-01,5,1072.302224,1550.492615,-478.19039099999986,,,False
2000-03-01,5,1086.130053,1987.871955,-901.741902,,,False
2000-04-01,5,1087.280719,1873.536068,-786.2553489999998,,,False
2000-05-01,5,1231.347129,1985.727068,-754.3799389999999,,,False
2000-06-01,5,1376.535977,1845.942128,-469.4061509999999,,,False
2000-07-01,5,1418.732775,2030.997733,-612.264958,,,False
2000-08-01,5,1290.185907,2046.640172,-756.4542649999999,,,False
2000-09-01,5,1379.033062,1957.315591,-578.2825290000001,,,False
2000-10-01,5,1202.689184,1906.212185,-703.523001,,,False
2000-11-01,5,1211.546232,1921.409598,-709.863366,,,False
2000-12-01,5,1041.787264,1755.358985,-713.571721,,,False
2001-01-01,5,1238.630188,1780.848183,-542.217995,40.71826288185878,1.7574021860079092,False
2001-02-01,5,1246.958338,1680.363127,-433.40478900000016,16.28795595969965,0.37023095917894044,False
2001-03-01,5,1293.846981,1906.910193,-613.063212,19.124498712310256,0.5312919930263171,False
2001-04-01,5,1157.005602,1744.961093,-587.9554909999999,6.412776551774746,-0.19048916513608785,False
2001-05-01,5,1247.248204,1846.040208,-598.7920039999999,1.2913559974686795,-0.4812872814290932,False
2001-06-01,5,1272.922396,1719.913918,-446.99152200000003,-7.527124806851315,-0.9820072631744213,False
2001-07-01,5,1177.339652,1687.432163,-510.09251100000006,-17.01469982604723,-1.5207189183715362,False
2001-08-01,5,1200.620806,1753.41761,-552.7968040000001,-6.942030641790298,-0.9487851758161167,False
2001-09-01,5,1098.439139,1628.424056,-529.984917,-20.347149806042864,-1.709937938084456,False
2001-10-01,5,1143.777447,1716.293388,-572.5159410000001,-4.898334314778385,-0.8327425591498656,False
2001-11-01,5,1180.518998,1704.537474,-524.018476,-2.5609616191683116,-0.7000247770910144,False
2001-12-01,5,1061.113665,1534.392906,-473.27924099999996,1.8551197224081273,-0.4492763525260024,False
2002-01-01,5,1174.097216,1581.096385,-406.99916900000017,-5.210027385510497,-0.8504407264589867,False
2002-02-01,5,1047.993841,1452.506501,-404.5126600000001,-15.955985932867623,-1.4606043461419609,False
2002-03-01,5,1345.440162,1794.393243,-448.9530809999999,3.9875798110317717,-0.32819366262263544,False
2002-04-01,5,1365.016364,1863.827063,-498.8106989999999,17.9783712058466,0.4662140099985416,False
2002-05-01,5,1465.946211,1928.995536,-463.04932499999995,17.534441524840226,0.44100734836348676,False
2002-06-01,5,1446.256325,1808.956698,-362.7003729999999,13.617006782556462,0.21857245326410385,False
2002-07-01,5,1454.852709,2034.418243,-579.5655340000001,23.571197702258328,0.7837789107256815,False
2002-08-01,5,1441.803002,1959.930303,-518.127301,20.088123976755433,0.5860073612999495,False
2002-09-01,5,1393.286943,1897.1744,-503.88745700000004,26.84243428073989,0.9695221873975008,False
2002-10-01,5,1603.926113,2042.768884,-438.8427710000001,40.23061192602795,1.7297129974594592,False
2002-11-01,5,1520.816342,1660.652195,-139.83585299999982,28.826079425788297,1.0821550527240629,False
2002-12-01,5,1410.064539,1736.623606,-326.55906700000014,32.88534353197683,1.3126431259253428,False
2003-01-01,5,1573.781187,2060.878159,-487.0969719999998,34.04181234341672,1.3783082960382664,False
2003-02-01,5,1455.273984,1692.625749,-237.3517650000001,38.86283745822128,1.652049733032283,False
2003-03-01,5,1708.558338,2161.055211,-452.4968729999998,26.988801602311607,0.9778330341535089,False
2003-04-01,5,1644.010237,1950.572932,-306.5626950000001,20.438866548269452,0.6059227886737636,False
2003-05-01,5,1781.80941,1783.783803,-1.9743929999999636,21.546711375210204,0.6688270523254669,False
2003-06-01,5,1770.693403,1833.89677,-63.20336700000007,22.43288913533359,0.7191448929737931,False
2003-07-01,5,1623.878174,1700.37047,-76.49229600000012,11.618046552367511,0.10506998586864066,False
2003-08-01,5,1625.421181,1718.871056,-93.44987500000002,12.735316735038937,0.1685094283174781,False
2003-09-01,5,1670.995951,1755.641751,-84.64580000000001,19.931932140413377,0.5771386711959067,False
2003-10-01,5,1805.335457,2091.198434,-285.862977,12.557270710137747,0.15839984092747333,False
2003-11-01,5,1827.59206,1779.996597,47.59546299999988,20.171779427130843,0.5907573807777208,False
2003-12-01,5,2062.577963,2235.119584,-172.54162099999985,46.27542966669842,2.0729423014547237,False
2004-01-01,5,1918.832767,2092.985249,-174.15248199999974,21.925003478898496,0.6903067628851827,False
2004-02-01,5,1843.839561,2224.06352,-380.22395900000015,26.70051009446206,0.961463625209846,False
2004-03-01,5,2308.959612,2660.425842,-351.46623,35.14081203120148,1.4407103260269383,False
2004-04-01,5,2374.163206,2561.06366,-186.90045399999963,44.41292107355657,1.9671876607799212,False
2004-05-01,5,2130.797695,2619.724133,-488.92643799999996,19.58617364132116,0.5575062432079777,False
2004-06-01,5,2243.537766,2734.635207,-491.0974409999999,26.7039094514546,0.9616566432601223,False
2004-07-01,5,2387.965267,2690.740744,-302.77547700000014,47.05322759021209,2.117106253353619,False
2004-08-01,5,2276.065025,2685.380443,-409.31541800000014,40.02924605668714,1.7182792917387337,False
2004-09-01,5,2375.084016,2869.554173,-494.4701570000002,42.135833098736185,1.8378928905712006,False
2004-10-01,5,2448.18411,2876.243557,-428.05944699999964,35.60826607085246,1.467252718463304,False
2004-11-01,5,2393.703691,2831.339304,-437.6356129999999,30.975820227627835,1.2042189545388706,False
2004-12-01,5,2380.22904,2939.734617,-559.5055769999999,15.40068218987367,0.31985088627423647,False
2005-01-01,5,2414.038394,2607.364128,-193.325734,25.807649083157447,0.9107663045259304,False
2005-02-01,5,2444.808902,2507.166471,-62.357568999999785,32.593364070899234,1.2960643122197935,False
2005-03-01,5,2902.855983,3080.483459,-177.62747600000012,25.721384120944933,0.9058681150006836,False
2005-04-01,5,2749.274618,2808.986013,-59.711395000000266,15.799731503378368,0.34250920684070796,False
2005-05-01,5,2476.513782,2816.853271,-340.33948899999996,16.22472597052438,0.3666407127716352,False
2005-06-01,5,2305.038246,2936.190663,-631.1524169999998,2.7412277578749755,-0.39896247089618775,False
2005-07-01,5,2441.360398,2910.845341,-469.4849430000004,2.2360095323781692,-0.42764914224713535,False
2005-08-01,5,2657.439982,2954.888973,-297.4489910000002,16.75589022330326,0.39680061909301906,False
2005-09-01,5,2668.539892,2863.9003,-195.360408,12.355599802916606,0.14694881492616196,False
2005-10-01,5,3001.032794,2828.222289,172.81050500000038,22.58198971808538,0.7276109363581731,False
2005-11-01,5,2401.471058,2710.684022,-309.21296399999983,0.3244915830311168,-0.5361865710788727,False
2005-12-01,5,2649.328436,2870.029354,-220.700918,11.305609312287013,0.08732956406344386,False
2006-01-01,5,2339.46602,2624.119066,-284.65304600000036,-3.089113006046096,-0.7300136106173812,False
2006-02-01,5,2293.858243,2781.048397,-487.1901539999999,-6.174333661682652,-0.9051947630913836,False
2006-03-01,5,2545.355432,3191.750531,-646.3950990000003,-12.315476657940705,-1.253893487646684,False
2006-04-01,5,2480.346008,2870.026038,-389.68003,-9.781802379408578,-1.110029553864153,False
2006-05-01,5,2833.140624,3054.215477,-221.07485300000008,14.400357655671625,0.26305170582359927,False
2006-06-01,5,2756.83553,3095.123166,-338.287636,19.600424625665823,0.5583154248322567,False
2006-07-01,5,2774.0518,3260.071115,-486.019315,13.627295759878244,0.21915666914562132,False
2006-08-01,5,3067.362835,3341.076113,-273.7132780000002,15.42547924982638,0.32125888201436165,False
2006-09-01,5,2912.053659,3158.60344,-246.5497809999997,9.125356069438162,-0.03646685713244613,False
2006-10-01,5,2610.964809,2892.426062,-281.46125299999994,-12.997791486313236,-1.2926358374899694,False
2006-11-01,5,3426.833944,3370.93225,55.901694000000134,42.69728267530925,1.8697724203871378,False
2006-12-01,5,2888.649004,3173.831102,-285.1820980000002,9.03325404083648,-0.0416964796834812,False
2007-01-01,5,2934.548588,3256.713197,-322.1646089999999,25.436683538579462,0.8897026015105269,False
2007-02-01,5,2674.898385,3101.077057,-426.178672,16.611320388380246,0.3885918349827089,False
2007-03-01,5,3384.789405,3501.004002,-116.21459700000014,32.97904734430033,1.3179636989624928,False
2007-04-01,5,2760.525321,3160.025348,-399.50002700000005,11.295976936133979,0.08678263049080984,False
2007-05-01,5,2735.726914,3487.519469,-751.792555,-3.4383648017607293,-0.7498443906185221,False
2007-06-01,5,3127.744717,3194.725709,-66.98099199999979,13.454164492721855,0.20932614540193695,False
2007-07-01,5,3092.929309,3334.759614,-241.83030499999995,11.49500917755033,0.09808383106040293,False
2007-08-01,5,3162.981339,3486.883192,-323.90185299999985,3.1172870359172933,-0.3776095418583124,False
2007-09-01,5,2769.100355,3544.097372,-774.9970170000001,-4.909020256484231,-0.8333493149680856,False
2007-10-01,5,3246.470137,3571.168087,-324.6979500000002,24.3398657005798,0.827424458595922,False
2007-11-01,5,3010.644458,3683.482675,-672.838217,-12.145014692897526,-1.2442145288873838,False
2007-12-01,5,3266.76033,3474.877629,-208.117299,13.089555895382855,0.18862339463852448,False
2008-01-01,5,3026.384087,3734.183482,-707.799395,3.12945913983278,-0.3769184006305197,False
2008-02-01,5,3124.962562,3363.109943,-238.14738099999977,16.82546819437405,0.40075130869336106,False
2008-03-01,5,3458.60698,3740.421173,-281.81419300000016,2.180861677567214,-0.43078047897814103,False
2008-04-01,5,3405.076466,3722.620579,-317.5441129999999,23.34885828058666,0.7711543109072904,False
2008-05-01,5,3920.039284,4041.620289,-121.581005,43.29059175970078,1.90346095705213,False
2008-06-01,5,3550.173157,3991.605957,-441.43280000000004,13.505847766411572,0.21226076060751478,False
2008-07-01,5,3970.104612,4669.829988,-699.7253760000003,28.360664449961416,1.055728439867359,False
2008-08-01,5,3558.801678,4268.606296,-709.8046180000001,12.514153470318657,0.15595161157661427,False
2008-09-01,5,3487.506678,4342.517555,-855.0108770000002,25.943672344803836,0.9184898077687064,False
2008-10-01,5,3132.714659,3881.258741,-748.5440819999999,-3.503974261260845,-0.75356974514298,False
2008-11-01,5,2500.021867,3210.062058,-710.040191,-16.960574326309253,-1.5176456317315652,False
2008-12-01,5,2351.755637,2655.76079,-304.0051529999996,-28.009544642658245,-2.14501448787249,False
2009-01-01,5,2053.472495,2048.7122,4.760295000000042,-32.14765753557837,-2.379979654569686,False
2009-02-01,5,2327.498881,2496.860121,-169.36124000000018,-25.519143515422382,-2.0036076362119175,False
2009-03-01,5,2393.009384,2655.465961,-262.4565769999999,-30.81002271035722,-2.304027741748315,False
2009-04-01,5,2681.092272,3099.383601,-418.29132900000013,-21.261907074012832,-1.7618785447130882,False
2009-05-01,5,2771.526483,3068.610676,-297.0841929999997,-29.298502331029187,-2.2182024762021157,False
2009-06-01,5,2814.886693,3674.240054,-859.353361,-20.711284534113783,-1.7306137821939305,False
2009-07-01,5,2990.915471,4125.023435,-1134.1079640000003,-24.664063965476192,-1.9550555753592005,False
2009-08-01,5,2971.154571,3524.630377,-553.4758059999999,-16.512499435772156,-1.4922036019773737,False
2009-09-01,5,3022.156207,3771.463843,-749.307636,-13.343357130626842,-1.3122573150383192,False
2009-10-01,5,3119.330322,3759.955367,-640.6250450000002,-0.4272440505089903,-0.5788706865241453,False
2009-11-01,5,2924.278342,3394.464172,-470.1858299999999,16.970110565836904,0.40896421148303447,False
2009-12-01,5,3194.047985,3786.788536,-592.7405509999999,35.815470567956794,1.4790179458658297,False
2010-01-01,5,3168.704004,3671.733127,-503.0291229999998,54.30954209104224,2.5291252558346486,False
2010-02-01,5,3127.674947,3305.567759,-177.89281200000005,34.37922452002245,1.3974668135493444,False
2010-03-01,5,3888.645896,4488.10762,-599.4617239999998,62.500235979016125,2.994199023649479,False
2010-04-01,5,3402.04934,4247.419686,-845.3703460000002,26.890423560923992,0.9722470548696832,False
2010-05-01,5,3349.170354,3944.826601,-595.6562470000003,20.842083759370666,0.6288177656048349,False
2010-06-01,5,3317.42054,4586.963154,-1269.542614,17.852720262229038,0.45907945478539797,False
2010-07-01,5,3361.884618,4094.186317,-732.3016990000001,12.403197301860502,0.14965143676445358,False
2010-08-01,5,3341.567677,4014.161527,-672.5938500000002,12.466975283461279,0.15327279859440177,False
2010-09-01,5,3213.654008,3769.462338,-555.8083299999998,6.336462706872914,-0.19482232272570826,False
2010-10-01,5,3293.881796,3834.012624,-540.1308279999998,5.595799610221608,-0.23687773118710684,False
2010-11-01,5,3415.644226,3764.464511,-348.82028500000024,16.80297928356369,0.3994743713999307,False
2010-12-01,5,3738.049466,4139.045408,-400.995942,17.03172537027491,0.4124627464844744,False
2011-01-01,5,3448.903515,4139.867522,-690.9640069999996,8.842716474820334,-0.052515346186050076,False
2011-02-01,5,3653.16603,3678.791951,-25.62592100000029,16.801332999902698,0.39938089417375405,False
2011-03-01,5,4251.37575,4956.608537,-705.2327869999999,9.327921947666074,-0.024965014003319134,False
2011-04-01,5,3597.373036,4789.076562,-1191.7035260000002,5.741354003995713,-0.2286130430837071,False
2011-05-01,5,3908.539154,4922.180429,-1013.641275,16.70171239070988,0.39372436095410357,False
2011-06-01,5,3570.403992,4719.595506,-1149.1915139999996,7.625908411358662,-0.12160662447353268,False
2011-07-01,5,4043.624999,4745.098194,-701.473195,20.278518107072042,0.5968180834154694,False
2011-08-01,5,4066.182374,4534.743147,-468.56077300000015,21.684872701741774,0.6766719565027157,False
2011-09-01,5,4035.220753,4487.765642,-452.54488900000024,25.564878576063556,0.8969816122895073,False
2011-10-01,5,3963.895676,4247.244313,-283.34863700000005,20.341163450784627,0.600375133213075,False
2011-11-01,5,3728.315351,4268.708621,-540.3932699999996,9.154089369728169,-0.034835358701373144,False
2011-12-01,5,3943.690522,4412.525963,-468.8354410000002,5.50129306394791,-0.24224388406253164,False
2012-01-01,5,3395.304148,3896.330597,-501.02644899999996,-1.554098766952594,-0.642854346019199,False
2012-02-01,5,4003.308608,4433.633067,-430.32445899999993,9.584633578780988,-0.010388734245165804,False
2012-03-01,5,4237.131943,4730.431812,-493.2998689999995,-0.3350399455987807,-0.5736352680034328,False
2012-04-01,5,3847.020417,4549.584831,-702.5644139999999,6.939713465957054,-0.1605692902840554,False
2012-05-01,5,3838.538638,5059.362641,-1220.8240029999997,-1.79096366294198,-0.6563037132092725,False
2012-06-01,5,4083.242121,4653.550917,-570.3087959999993,14.363588270377448,0.2609639124335782,False
2012-07-01,5,3904.102916,4938.392539,-1034.2896230000006,-3.4504209226746907,-0.7505289462441351,False
2012-08-01,5,3668.730062,4482.113337,-813.3832749999997,-9.774581547089255,-1.1096195495666612,False
2012-09-01,5,3594.080795,4617.936588,-1023.8557929999997,-10.932238531734184,-1.1753521850490447,False
2012-10-01,5,3916.490204,4549.574653,-633.0844489999995,-1.1959313734471788,-0.6225173316606774,False
2012-11-01,5,3847.467484,4479.184468,-631.7169840000006,3.1958705684067334,-0.37314750969804283,False
2012-12-01,5,3766.152643,4157.397012,-391.24436900000046,-4.501820769393527,-0.8102282214070631,False
2013-01-01,5,4090.196298,4664.072939,-573.8766409999998,20.46627105289891,0.6074788370864426,False
2013-02-01,5,4004.6936,3850.392604,154.30099599999994,0.0345961836974773,-0.5526470501889803,False
2013-03-01,5,4473.74349,4834.812106,-361.0686160000005,5.58423835233397,-0.2375341881173771,False
2013-04-01,5,4316.994655,5053.14582,-736.1511649999993,12.216577690182827,0.13905503466004704,False
2013-05-01,5,4336.817962,4976.917565,-640.0996029999997,12.980964137425467,0.18245747283536315,False
2013-06-01,5,4234.316416,4744.774922,-510.45850599999994,3.6998612995058133,-0.34453053640349074,False
2013-07-01,5,4304.655378,5552.681224,-1248.0258459999995,10.259782352520364,0.027946721618904605,False
2013-08-01,5,4448.773198,5183.312919,-734.5397210000001,21.261938676806345,0.6526574440323359,False
2013-09-01,5,4401.155508,5147.537482,-746.3819739999999,22.45566416099447,0.7204380760839246,False
2013-10-01,5,4569.670213,5462.24482,-892.5746069999996,16.67768780151404,0.39236022668534304,False
2013-11-01,5,4258.505865,5040.956911,-782.4510460000001,10.683349052573842,0.051997157858988986,False
2013-12-01,5,4321.882498,4904.721465,-582.8389669999997,14.755903641688906,0.28323987469062056,False
2014-01-01,5,4307.785428,5103.644989,-795.8595610000002,5.31977230790599,-0.2525507693037154,False
2014-02-01,5,4493.909324,4870.597268,-376.68794400000024,12.216058776631499,0.13902557035778068,False
2014-03-01,5,4962.183888,5496.105583,-533.921695,10.917934814362805,0.06531711409262296,False
2014-04-01,5,4857.762762,6047.320545,-1189.5577829999993,12.526494707925462,0.15665235634278382,False
2014-05-01,5,4727.778158,5875.399169,-1147.6210110000002,9.014909074479615,-0.042738120689812864,False
2014-06-01,5,4435.231725,5525.966483,-1090.7347580000005,4.744929033664347,-0.2851908033607942,False
2014-07-01,5,4442.806716,5624.084914,-1181.278198,3.2093472268664325,-0.37238229488069896,False
2014-08-01,5,5004.694046,5675.597877,-670.9038310000005,12.496048309451258,0.15492358690658498,False
2014-09-01,5,4570.001424,5417.956679,-847.9552549999999,3.8363996839713588,-0.3367777840990765,False
2014-10-01,5,4911.728062,5599.51306,-687.7849980000001,7.485394635851361,-0.1295851024753803,False
2014-11-01,5,4726.86079,5384.235381,-657.3745910000007,10.99810449597678,0.06986920899479848,False
2014-12-01,5,5133.818954,5372.099974,-238.28101999999944,18.7866388402677,0.5121080550311521,False
2015-01-01,5,4643.858298,5329.661564,-685.8032659999999,7.80152297780603,-0.11163509712579915,False
2015-02-01,5,4201.618737,4937.575058,-735.9563210000006,-6.504149637354817,-0.9239219625923434,False
2015-03-01,5,5313.387652,6177.612115,-864.2244629999996,7.077604779002922,-0.1527397176758866,False
2015-04-01,5,4987.163211,5548.2089,-561.0456889999996,2.6637869187898344,-0.4033596200643369,False
2015-05-01,5,4656.944693,5741.547254,-1084.6025609999997,-1.4982400322684497,-0.6396826449935915,False
2015-06-01,5,5060.824642,6215.224669,-1154.4000270000006,14.105078511991387,0.24628553365470193,False
2015-07-01,5,5285.878878,5890.077502,-604.1986239999997,18.976116133160193,0.5228667184272108,False
2015-08-01,5,5030.541296,5662.256545,-631.7152489999999,0.5164601424668236,-0.5252864516921824,False
2015-09-01,5,5358.196754,6030.27348,-672.0767260000002,17.247157207887987,0.42469512847754276,False
2015-10-01,5,5810.779317,6068.098378,-257.31906099999924,18.3041740839764,0.4847133427985645,False
2015-11-01,5,4994.122825,5866.367561,-872.2447359999996,5.654112673794254,-0.23356667151872204,False
2015-12-01,5,5330.564909,6269.122952,-938.558043,3.832350863224443,-0.3370076791904728,False
2016-01-01,5,4856.385079,5864.862336,-1008.4772570000005,4.576513049322162,-0.2947535897949529,False
2016-02-01,5,4703.367624,5318.676627,-615.3090029999994,11.941799539818664,0.1234529243320461,False
2016-03-01,5,5580.29403,6306.570684,-726.2766540000002,5.0232807293767445,-0.26938578443648975,False
2016-04-01,5,5102.911154,6174.944035,-1072.032881,2.3209174856098524,-0.42282800471385706,False
2016-05-01,5,5201.592386,6345.910216,-1144.31783,11.695386759019865,0.10946142105146438,False
2016-06-01,5,5436.509111,6514.417339,-1077.9082279999993,7.423384439804126,-0.1331060881101832,False
2016-07-01,5,5288.937568,5694.331326,-405.39375800000016,0.057865306235638236,-0.5513258118860257,False
2016-08-01,5,5615.082718,6413.195896,-798.1131780000005,11.619851375930335,0.10517246510984825,False
2016-09-01,5,5558.446634,6240.484108,-682.0374739999997,3.737262538007946,-0.34240686591243896,False
2016-10-01,5,5512.531701,5752.381283,-239.84958199999983,-5.132661209959366,-0.8460478167425318,False
2016-11-01,5,5692.428298,6302.232102,-609.8038040000001,13.982545032820637,0.23932799042077973,False
2016-12-01,5,6120.232249,6642.847692,-522.6154430000006,14.81395224485016,0.286535918097667,False
2017-01-01,5,5488.893436,6454.84852,-965.9550839999993,13.024262835644883,0.18491600553085893,False
2017-02-01,5,6402.826891,6428.561698,-25.73480700000073,36.13281807545987,1.4970371763534693,False
2017-03-01,5,6705.797163,7918.384779,-1212.5876159999998,20.169244253962738,0.5906134317358593,False
2017-04-01,5,5994.576744,7071.692972,-1077.1162279999999,17.47366479820156,0.4375564000506952,False
2017-05-01,5,6279.49232,7930.964374,-1651.4720539999998,20.72249907357504,0.6220276570796485,False
2017-06-01,5,5661.377381,6540.684491,-879.3071099999997,4.13626217502352,-0.319751366014434,False
2017-07-01,5,6298.25958,7146.680132,-848.4205520000005,19.08364390812185,0.5289722264745312,False
2017-08-01,5,6530.161327,7585.583865,-1055.4225379999998,16.296796591554696,0.37073293691402903,False
2017-09-01,5,5799.756025,7116.830597,-1317.0745720000004,4.341309845883101,-0.30810860483050817,False
2017-10-01,5,6552.838892,7274.413102,-721.5742100000007,18.87167725151191,0.5169366000686366,False
2017-11-01,5,6852.91172,7554.642879,-701.7311589999999,20.38643898962642,0.6029459124079751,False
2017-12-01,5,6521.523934,7193.969949,-672.4460150000004,6.556804851083364,-0.18231112982582295,False
2018-01-01,5,6715.076709,7668.639206,-953.5624969999999,22.33935286405513,0.7138338330433647,False
2018-02-01,5,6173.288861,6715.597173,-542.3083120000001,-3.5849482409503364,-0.7581675086956439,False
2018-03-01,5,7190.988528,7658.208724,-467.2201960000002,7.235401745777503,-0.14377988705697428,False
2018-04-01,5,6800.425202,7641.744307,-841.3191049999996,13.44295840080083,0.2086898550627457,False
2018-05-01,5,6963.408431,7900.85047,-937.4420390000005,10.891264391258936,0.06380274738184352,False
2018-06-01,5,6722.701335,7905.336944,-1182.635609,18.746744521251692,0.5098428255508485,False
2018-07-01,5,7222.005943,8497.736745,-1275.730802,14.666692461094154,0.2781743966666733,False
2018-08-01,5,7107.607989,8479.406867,-1371.7988779999996,8.842762576361697,-0.05251272850580991,False
2018-09-01,5,7039.279724,8055.509409,-1016.2296850000002,21.371997264315958,0.6589066535222216,False
2018-10-01,5,8159.981327,8658.488996,-498.5076689999996,24.52589574515669,0.837987384636311,False
2018-11-01,5,7224.760994,8192.415046,-967.6540519999999,5.426150068660163,-0.24651055992923399,False
2018-12-01,5,7539.790586,8003.649291,-463.85870499999965,15.61393720708839,0.3319596667656046,False
2019-01-01,5,7418.959821,8285.240423,-866.2806019999989,10.482130621927354,0.04057182381837105,False
2019-02-01,5,6062.521186,6105.315998,-42.79481200000009,-1.794305717650424,-0.6564934775927006,False
2019-03-01,5,8023.685644,7799.595756,224.08988800000043,11.579730836138523,0.10289439064351533,False
2019-04-01,5,7042.149063,8258.534432,-1216.3853690000005,3.5545403973991085,-0.35278196667416023,False
2019-05-01,5,7392.656706,8730.679951,-1338.0232450000003,6.164341489564995,-0.20459549507827318,False
2019-06-01,5,6941.161955,7074.14952,-132.98756500000036,3.249595796598026,-0.3700969507779589,False
2019-07-01,5,7395.663928,8182.980971,-787.317043,2.4045671849428407,-0.41807831178460586,False
2019-08-01,5,7002.914305,8483.784741,-1480.8704359999992,-1.472980560577164,-0.6382483931666826,False
2019-09-01,5,6406.973719,7555.100598,-1148.1268790000004,-8.982538410061913,-1.064646743715617,False
2019-10-01,5,7177.535455,7456.218278,-278.6828230000001,-12.039805394520364,-1.2382406656867013,False
2019-11-01,5,6934.296218,7734.157138,-799.8609199999992,-4.0204067129864125,-0.7828931687052385,False
2019-12-01,5,7158.471496,7572.03163,-413.5601340000003,-5.057422824289571,-0.8417757245380931,False
2020-01-01,5,6342.936392,7473.2334,-1130.2970080000005,-14.503696676644939,-1.3781422683758537,False
2020-02-01,5,6516.007563,6735.82655,-219.81898699999965,7.480161521698636,-0.12988224263831405,False
2020-03-01,5,6873.509419,8022.629129,-1149.11971,-14.334761804384566,-1.3685500190948976,False
2020-04-01,5,5722.898516,7132.968743,-1410.0702270000002,-18.733635644429125,-1.618321388763027,False
2020-05-01,5,5568.452942,6007.905677,-439.45273499999985,-24.67588901456017,-1.9557270105522742,False
2020-06-01,5,6430.29277,6649.89017,-219.59739999999965,-7.359995175332279,-0.9725175168223829,False
2020-07-01,5,5765.087632,6660.245341,-895.1577090000001,-22.04773380556997,-1.806498378379622,False
2020-08-01,5,5486.274382,6802.346337,-1316.0719550000003,-21.657268059344048,-1.7843274392279895,False
2020-09-01,5,6234.436112,7112.713019,-878.2769069999995,-2.6929657365120097,-0.7075200702932477,False
2020-10-01,5,6088.712584,7135.485706,-1046.7731220000005,-15.169871020860048,-1.4159681493724066,False
2020-11-01,5,6570.243896,7388.857513,-818.613617,-5.250025533304958,-0.8527118514155301,False
2020-12-01,5,7361.103197,8458.302401,-1097.1992040000005,2.830655973320928,-0.39388466946992867,False
2021-01-01,5,6908.052499,7895.477455,-987.4249559999998,8.909376857582085,-0.04873031944728917,False
2021-02-01,5,7484.985522,7682.419845,-197.4343230000004,14.870731036319995,0.2897598606405107,False
2021-03-01,5,9357.686553,9490.751316,-133.0647630000003,36.141321449755324,1.4975200043503174,False
2021-04-01,5,8254.434719,9232.46122,-978.0265009999985,44.23521046061478,1.9570971183335883,False
2021-05-01,5,7801.9768,9233.864496,-1431.8876959999998,40.110312168639695,1.722882286630684,False
2021-06-01,5,10153.978178,10013.269147,140.7090309999985,57.90848941392757,2.7334761953904443,False
2021-07-01,5,8685.226348,9065.035482,-379.8091339999992,50.652113244408014,2.321453691314784,False
2021-08-01,5,8797.008849,8986.081359,-189.07250999999997,60.345769031571564,2.8718667677277017,False
2021-09-01,5,9222.136578,9478.755087,-256.6185089999999,47.92254523627717,2.1664667640274486,False
2021-10-01,5,9959.956875,9341.015079,618.9417959999992,63.58067058663448,3.055546914403934,True
2021-11-01,5,9938.125513,10516.71327,-578.5877569999993,51.259613346323185,2.3559480046427934,False
2021-12-01,5,10952.308815,10745.422852,206.88596300000063,48.786241978832564,2.2155081155665908,False
2022-01-01,5,9695.184992,11177.209332,-1482.02434,40.34613942791345,1.7362727360265435,False
2022-02-01,5,10170.234315,10073.406875,96.82743999999911,35.875136766897796,1.4824058375795495,False
2022-03-01,5,10929.79487,11870.749829,-940.9549590000006,16.800181413385708,0.39931550622399714,False
2022-04-01,5,11815.964287,11775.039535,40.92475200000081,43.14686213220751,1.8952998805524863,False
2022-05-01,5,10122.97762,10991.014993,-868.037373000001,29.748881334791967,1.1345524401294442,False
2022-06-01,5,11049.326857,12652.771218,-1603.4443609999998,8.81771324799474,-0.053935048236493054,False
2022-07-01,5,10527.366857,11683.627836,-1156.2609789999988,21.210046062002764,0.6497109422806469,False
2022-08-01,5,10368.238857,11882.454758,-1514.2159009999996,17.860957456904348,0.45954716890294,False
2022-09-01,5,10629.383272,11073.476504,-444.0932320000011,15.259443211425406,0.3118312307032113,False
2022-10-01,5,10028.899481,10339.431357,-310.5318759999991,0.69219783644896,-0.5153079330702908,False
2022-11-01,5,10335.576842,10503.664012,-168.08716999999888,3.999258496786906,-0.32753053804960747,False
2022-12-01,5,10004.12044,10282.287086,-278.1666459999997,-8.65742914134584,-1.0461867945805008,False
2023-01-01,5,8457.836301,9757.475607,-1299.639306000001,-12.76250728604974,-1.2792762233937194,False
2023-02-01,5,9006.432663,9604.356433,-597.9237700000012,-11.44321375451024,-1.2043657430414147,False
2023-03-01,5,9878.850843,10714.660253,-835.8094099999998,-9.615404858920284,-1.1005813773278328,False
2023-04-01,5,7542.511988,9370.721014,-1828.2090260000004,-36.16676722442095,-2.608187729711594,False
2023-05-01,5,9181.195838,11130.257337,-1949.0614989999995,-9.303406738145092,-1.0828658890475156,False
2023-06-01,5,8247.003448,9767.931195,-1520.9277469999997,-25.36193783809251,-1.9946813794530076,False
2023-07-01,5,8629.981959,10034.140174,-1404.1582149999995,-18.023356873313144,-1.577991225189607,False
2023-08-01,5,8890.45217,9657.879146,-767.4269759999988,-14.253015457898034,-1.3639083999737864,False
2023-09-01,5,8918.801238,9797.304043,-878.5028050000001,-16.092956573558006,-1.4683816422803766,False
2023-10-01,5,9396.345789,10721.962372,-1325.616582999999,-6.307309123981031,-0.9127452099917163,False
2023-11-01,5,9205.796801,10559.947058,-1354.1502569999993,-10.93098196908553,-1.1752808364754685,False
2023-12-01,5,8799.913127,9838.902636,-1038.989509000001,-12.037113309683434,-1.2380878070821055,False
2024-01-01,5,9136.229527,10213.382404,-1077.1528770000004,8.020883850870831,-0.09917962154061233,False
2024-02-01,5,8857.20477,9119.999049,-262.79427899999973,-1.6569034442799224,-0.6486916730256214,False
2024-03-01,5,9329.159761,10152.673299,-823.5135379999992,-5.564322113330644,-0.8705578479431844,False
2024-04-01,5,9082.632528,10467.136068,-1384.5035399999997,20.419199100383324,0.6048060561701678,False
2024-05-01,5,9778.49638,10968.962777,-1190.4663970000001,6.50569438381694,-0.18521322065127466,False
2024-06-01,5,8879.280667,7988.546445,890.734222000001,7.666750996124971,-0.11928755174973651,False
2024-07-01,5,9972.78688,9153.022196,819.7646839999998,15.559765100083677,0.3288837337299259,False
2024-08-01,5,10130.897108,11599.746634,-1468.849526,13.952551729435815,0.23762494806500647,False
2024-09-01,5,9270.072836,9358.859091,-88.78625500000089,3.938551702479365,-0.330977515551968,False
2024-10-01,5,9459.954688,10094.079454,-634.1247660000008,0.6769535777883418,-0.5161735135583185,False
2024-11-01,5,9354.62395,9333.956366,20.667583999998897,1.616667760729107,-0.46281583450123864,False
2024-12-01,5,9386.549314,10012.152495,-625.6031810000004,6.666386116927403,-0.17608902301960555,False
2025-01-01,5,9110.565269,9382.719137,-272.1538679999994,-0.2809064496918978,-0.570561527334969,False
2025-02-01,5,9045.508033,8532.808826,512.6992069999997,2.1259897212470014,-0.4338961499850482,False
2025-03-01,5,9462.905975,9931.834877,-468.92890199999965,1.433636226909929,-0.47320850284246374,False
2025-04-01,5,8992.687574,10076.836542,-1084.1489679999995,-0.9902960812596784,-0.6108412048951829,False
2025-05-01,5,9060.033505,9869.560854,-809.527349,-7.347375783351273,-0.9718009782413531,False
2025-06-01,5,8073.568978,10082.811896,-2009.242917999999,-9.074064884495003,-1.0698436858674787,False
2025-07-01,5,9598.084863,9776.191814,-178.10695099999975,-3.7572448053758034,-0.7679506373896067,False
2025-08-01,5,9132.470606,10027.075253,-894.6046470000001,-9.855262484223415,-1.1142006739423274,False
2025-09-01,5,8911.029617,9472.392555,-561.3629380000002,-3.8731434515343555,-0.7745314498080438,False
2025-10-01,5,9636.683749,9931.716259,-295.0325100000009,1.8681808404873435,-0.4485347324044283,False
2025-11-01,5,8683.97932,9058.736685,-374.7573649999995,-7.169124420014761,-0.9616797315803391,False
2025-12-01,5,9214.877968,10126.611642,-911.7336739999992,-1.8289079432412092,-0.6584582180225576,False
2026-01-01,5,8498.528563,9728.139657,-1229.6110939999999,-6.717878506205787,-0.9360576487365012,False
2026-02-01,5,7810.329949,8410.998956,-600.6690069999995,-13.65515435389366,-1.3299613962068042,False
2026-03-01,5,8056.602553,9662.122873,-1605.5203200000005,-14.861221549863279,-1.3984427999485582,False
2026-04-01,5,10957.836298,12435.857437,-1478.0211390000004,21.85274099460226,0.6862036446020474,False
2026-05-01,5,9742.630166,10971.5469,-1228.9167339999985,7.534151619012164,-0.1268166442499823,False
2026-06-01,5,9229.100266,11549.470116,-2320.369850000001,14.312521403467947,0.25806429726923036,False
2026-07-01,5,10792.375653,11559.007687,-766.6320340000002,12.443011361609368,0.1519121090631214,False
2000-01-01,6,1927.880545,2238.572232,-310.691687,,,False
2000-02-01,6,1910.675351,2251.267102,-340.5917509999997,,,False
2000-03-01,6,2133.213423,2726.698397,-593.484974,,,False
2000-04-01,6,2174.508072,2811.702772,-637.1947,,,False
2000-05-01,6,2291.918346,2938.775166,-646.85682,,,False
2000-06-01,6,2191.009429,2928.44255,-737.433121,,,False
2000-07-01,6,2236.784776,3106.012929,-869.228153,,,False
2000-08-01,6,2273.679985,3061.80084,-788.1208549999997,,,False
2000-09-01,6,2197.408175,2717.710219,-520.302044,,,False
2000-10-01,6,2343.395279,2709.796188,-366.40090899999996,,,False
2000-11-01,6,2086.908784,2793.160448,-706.2516639999999,,,False
2000-12-01,6,2020.608557,2312.413131,-291.8045739999998,,,False
2001-01-01,6,1826.731397,2419.361905,-592.6305080000002,-5.2466501756207045,-0.7318019103309912,False
2001-02-01,6,2074.812559,2261.175251,-186.36269200000015,8.590533599237272,0.020852685112216718,False
2001-03-01,6,2041.734594,2819.222069,-777.4874749999999,-4.288311146633927,-0.6796743758633149,False
2001-04-01,6,2281.772844,2509.043039,-227.27019500000006,4.93282933189314,-0.17810311184633376,False
2001-05-01,6,2064.893582,2583.329854,-518.4362719999999,-9.90544730340056,-0.9852107776636878,False
2001-06-01,6,1976.480407,2550.400843,-573.9204359999999,-9.791332668883745,-0.9790036689431645,False
2001-07-01,6,1865.155444,2497.232715,-632.0772710000001,-16.61444301604098,-1.350137379498852,False
2001-08-01,6,2237.75251,2371.228501,-133.47599100000025,-1.5801465130107273,-0.5323674823596769,False
2001-09-01,6,1847.008261,2280.122378,-433.1141170000001,-15.946054901702556,-1.3137813265633913,False
2001-10-01,6,2060.045241,2458.970695,-398.9254540000002,-12.091431630813664,-1.104114391026385,False
2001-11-01,6,1989.265612,2358.652981,-369.38736900000026,-4.678842350399548,-0.7009167839978546,False
2001-12-01,6,1848.844056,2188.629006,-339.7849500000002,-8.500632168707579,-0.9087977890036674,False
2002-01-01,6,1749.500867,2361.853986,-612.3531190000001,-4.227798905018765,-0.6763828956406576,False
2002-02-01,6,1625.122252,2079.86295,-454.7406980000003,-21.67377988191559,-1.6253330554365193,False
2002-03-01,6,2058.935904,2368.278988,-309.3430840000001,0.8424851129303912,-0.40059176441020933,False
2002-04-01,6,2142.621729,2560.563519,-417.94178999999986,-6.09837720550942,-0.7781304316211203,False
2002-05-01,6,2224.692101,2792.770012,-568.0779109999999,7.738825883957823,-0.025474785586284746,False
2002-06-01,6,2106.888166,2511.976437,-405.0882709999996,6.5979788384515015,-0.08752959279772923,False
2002-07-01,6,2266.247515,2732.266892,-466.0193770000001,21.504484909837895,0.723289319430399,False
2002-08-01,6,2126.755063,2736.334991,-609.5799280000001,-4.960219975353741,-0.7162219332191485,False
2002-09-01,6,2123.237955,2604.139919,-480.90196400000013,14.955520223306685,0.36706738533502736,False
2002-10-01,6,2204.675326,2728.042335,-523.367009,7.020723725940758,-0.06453496560725694,False
2002-11-01,6,2105.57516,2467.962796,-362.38763599999993,5.846858624528406,-0.12838574459407304,False
2002-12-01,6,2110.634836,2375.265574,-264.63073799999984,14.159700443659284,0.3237798620902647,False
2003-01-01,6,2281.711055,2473.471664,-191.76060899999993,30.420687296521365,1.208273895008018,False
2003-02-01,6,1918.114401,2156.621419,-238.50701800000002,18.028929739865518,0.5342412723018236,False
2003-03-01,6,2449.084876,2655.05052,-205.96564399999988,18.949058649277895,0.5842904198261709,False
2003-04-01,6,2337.880781,2492.310191,-154.4294100000002,9.113090255606181,0.04927643630284031,False
2003-05-01,6,2379.573366,2383.085528,-3.5121619999999893,6.9619191316578455,-0.0677335607000407,False
2003-06-01,6,2087.241612,2332.913726,-245.67211400000042,-0.9324915444990145,-0.4971391803985743,False
2003-07-01,6,2180.937922,2434.760823,-253.822901,-3.7643546186083676,-0.6511744805777259,False
2003-08-01,6,2398.67561,2043.680373,354.99523699999986,12.785701171268338,0.24904305991092934,False
2003-09-01,6,2270.396698,2754.410042,-484.01334399999996,6.930864374078127,-0.06942274156104937,False
2003-10-01,6,2516.652934,3067.719634,-551.0666999999999,14.15072796981991,0.32329181670635,False
2003-11-01,6,2279.223102,2639.129516,-359.90641400000004,8.247055023198513,0.0021696399999886844,False
2003-12-01,6,2882.01527,3046.8824,-164.8671300000001,36.547318410696384,1.5415235748343235,False
2004-01-01,6,2468.141449,2811.279527,-343.13807799999995,8.17063990602438,-0.0019868552838959415,False
2004-02-01,6,2540.008956,2660.94955,-120.94059399999969,32.42218267459847,1.3171424855087273,False
2004-03-01,6,3313.264534,3557.218,-243.95346599999993,35.28581906117656,1.4729060513545893,False
2004-04-01,6,3101.430343,3844.896069,-743.4657259999999,32.659901574339536,1.330072878370815,False
2004-05-01,6,2913.645079,3425.422404,-511.777325,22.444011209360614,0.7743935613325981,False
2004-06-01,6,3147.195999,3742.012411,-594.8164120000001,50.78254385625962,2.315829099939863,False
2004-07-01,6,3307.891822,3987.565729,-679.6739069999999,51.67290130690845,2.3642588698787117,False
2004-08-01,6,3157.911057,3540.983475,-383.0724180000002,31.65227694127428,1.2752645212008875,False
2004-09-01,6,3431.915364,4076.948466,-645.0331019999999,51.159282737822224,2.3363212936625075,False
2004-10-01,6,3431.432321,3790.21588,-358.7835590000004,36.349048160011385,1.5307389370246494,False
2004-11-01,6,2870.550318,3773.792299,-903.2419810000001,25.9442445753167,0.9647839450172676,False
2004-12-01,6,3386.055505,4105.92271,-719.867205,17.48915907027793,0.5048811885188266,False
2005-01-01,6,2812.050505,3657.266275,-845.2157699999998,13.933928144164476,0.31149928813074945,False
2005-02-01,6,2904.230702,3440.531964,-536.301262,14.339388258440433,0.3335537338361842,False
2005-03-01,6,3670.304633,3944.405453,-274.10081999999966,10.77608187743937,0.1397325801773297,False
2005-04-01,6,3415.280621,3948.968133,-533.687512,10.11953335364657,0.10402052549883517,False
2005-05-01,6,3194.583004,4235.280529,-1040.6975249999996,9.642146431109634,0.07805371990471029,False
2005-06-01,6,3205.365207,4362.001616,-1156.6364089999997,1.8482867930209146,-0.34588256426211766,False
2005-07-01,6,3179.581925,4189.606856,-1010.0249310000004,-3.8789024522096427,-0.6574051525671168,False
2005-08-01,6,3207.571532,3887.09175,-679.5202180000001,1.5725735811944475,-0.3608796055157471,False
2005-09-01,6,3346.866459,3958.101431,-611.2349720000002,-2.4781760614537185,-0.5812145655145252,False
2005-10-01,6,3409.084826,4470.794508,-1061.7096820000002,-0.651258509842545,-0.4818418959678193,False
2005-11-01,6,2946.654095,3608.939953,-662.2858580000002,2.651191185285473,-0.30220968325019665,False
2005-12-01,6,3806.167428,4261.018796,-454.8513680000001,12.40711861868904,0.22845058223702833,False
2006-01-01,6,3292.980999,3623.594223,-330.6132240000002,17.10248422440761,0.4838485416723352,False
2006-02-01,6,3262.421416,3796.174196,-533.7527799999998,12.333411176781928,0.22444136722822347,False
2006-03-01,6,3791.409787,4594.410741,-803.0009539999996,3.2995940694168446,-0.2669406994467987,False
2006-04-01,6,3636.812934,4347.405911,-710.5929769999998,6.486503968014645,-0.0935931151788647,False
2006-05-01,6,4406.916764,4703.060107,-296.14334300000064,37.949671631070856,1.6178026510483172,False
2006-06-01,6,4249.627615,4711.868874,-462.24125899999945,32.578578120193605,1.3256494008427167,False
2006-07-01,6,4140.426928,4772.141007,-631.7140790000003,30.21922459192492,1.1973156080551162,False
2006-08-01,6,4318.310525,5202.192565,-883.8820400000004,34.628658532438926,1.437160707508179,False
2006-09-01,6,4245.691598,4917.939709,-672.2481109999999,26.855721613361226,1.0143624858885454,False
2006-10-01,6,3735.546814,4842.768556,-1107.2217420000002,9.576235402245747,0.07446858006903562,False
2006-11-01,6,4432.828353,4814.789099,-381.96074599999974,50.435993166683524,2.296978951433677,False
2006-12-01,6,4422.604341,5325.026196,-902.4218549999996,16.19573822384148,0.43452733908298447,False
2007-01-01,6,4199.4389,4956.805551,-757.3666510000003,27.526970282405827,1.0508741347660817,False
2007-02-01,6,3592.459195,4270.15111,-677.6919149999999,10.11634417863323,0.10384705470676373,False
2007-03-01,6,4233.297024,5572.982868,-1339.6858439999996,11.654958493675483,0.18753786590603475,False
2007-04-01,6,4413.94136,5514.381246,-1100.4398860000001,21.36839150385621,0.7158867056407526,False
2007-05-01,6,4301.127133,5575.255437,-1274.1283039999998,-2.400536172232537,-0.5769914504383057,False
2007-06-01,6,4532.05998,5275.17891,-743.1189299999996,6.646049738642801,-0.08491484224409321,False
2007-07-01,6,4188.586501,5366.20759,-1177.6210890000002,1.1631547624791239,-0.3831493795088428,False
2007-08-01,6,4754.863774,5494.717538,-739.8537639999995,10.109352870125065,0.10346677208838921,False
2007-09-01,6,4651.701636,5222.567956,-570.8663200000001,9.56287164595886,0.07374167691118462,False
2007-10-01,6,4578.303121,5505.503158,-927.2000370000005,22.560453635369694,0.7807272870723351,False
2007-11-01,6,4652.082697,5408.712346,-756.6296490000004,4.946150099667523,-0.17737854698954272,False
2007-12-01,6,4560.468158,5345.566303,-785.0981449999999,3.117254141907422,-0.27685882921986066,False
2008-01-01,6,4608.076095,5239.526983,-631.4508879999994,9.73075700660868,0.08287357038435815,False
2008-02-01,6,3979.341873,4624.422638,-645.0807650000002,10.76929916249194,0.13936364371902807,False
2008-03-01,6,5637.751546,5725.850121,-88.09857499999998,33.1763756249011,1.3581657745776745,False
2008-04-01,6,4894.611354,5589.524412,-694.9130580000001,10.889813769524114,0.14591887014925078,False
2008-05-01,6,5239.792184,5572.756449,-332.9642650000005,21.823699276363605,0.7406525462116762,False
2008-06-01,6,4949.704366,5878.204953,-928.5005870000005,9.21533227369158,0.054837750368725985,False
2008-07-01,6,5634.687697,6257.307342,-622.6196449999998,34.52480199835322,1.4315115740632331,False
2008-08-01,6,5512.716584,5852.890051,-340.1734670000005,15.9384757591585,0.42053390086396514,False
2008-09-01,6,5617.578961,5991.307942,-373.7289810000002,20.76395694695843,0.6830093185729884,False
2008-10-01,6,4710.844594,5889.212546,-1178.3679519999996,2.8949912117450793,-0.2889485158573482,False
2008-11-01,6,4455.655159,5354.217071,-898.5619120000001,-4.222356969850738,-0.6760868890558667,False
2008-12-01,6,3910.071139,5179.690429,-1269.61929,-14.261628334342591,-1.2221592582843193,False
2009-01-01,6,3251.655873,3968.741173,-717.0852999999997,-29.435716642608956,-2.0475329385579957,False
2009-02-01,6,3547.775579,3646.217285,-98.44170600000007,-10.84516756220909,-1.0363255697146865,False
2009-03-01,6,4188.356892,3757.517298,430.8395939999996,-25.708735870567935,-1.8448089413308983,False
2009-04-01,6,3973.973922,4239.386578,-265.4126559999995,-18.80920394726808,-1.4695183841646116,False
2009-05-01,6,4254.267518,3915.905162,338.36235599999964,-18.808468568836666,-1.4694783842654413,False
2009-06-01,6,4236.097128,4338.54876,-102.45163199999934,-14.417168889961129,-1.230619673052879,False
2009-07-01,6,4673.449573,4977.417318,-303.9677449999999,-17.059297261705897,-1.3743346148431197,False
2009-08-01,6,4538.367687,4614.613763,-76.24607600000036,-17.67456901063862,-1.4078014760784254,False
2009-09-01,6,3811.726411,4553.543505,-741.8170939999995,-32.146456018457734,-2.19497988162661,False
2009-10-01,6,4546.555746,5129.726835,-583.1710890000004,-3.4874605757372668,-0.6361132096422011,False
2009-11-01,6,3957.85357,4708.244821,-750.391251,-11.172354485164494,-1.054122452746533,False
2009-12-01,6,4376.317956,4951.364155,-575.0461990000003,11.924254071736451,0.20218582879053454,False
2010-01-01,6,4573.685711,4898.690669,-325.00495799999953,40.65712638835566,1.765070931804088,False
2010-02-01,6,4122.735457,4361.740963,-239.00550600000042,16.20620767004832,0.4350968102215872,False
2010-03-01,6,5146.134098,5507.684424,-361.5503259999996,22.86761206594905,0.7974347477858897,False
2010-04-01,6,4809.387955,5406.198514,-596.8105589999996,21.022131735065773,0.6970523813708996,False
2010-05-01,6,4722.868821,5681.803725,-958.9349039999997,11.01485275708043,0.15272019404037568,False
2010-06-01,6,4671.011809,6206.742499,-1535.7306900000003,10.266872261385963,0.1120348229022658,False
2010-07-01,6,4731.634393,5871.119861,-1139.4854679999999,1.245007977322632,-0.3786970863756327,False
2010-08-01,6,4592.914459,5156.338019,-563.4235600000002,1.2019028814312938,-0.3810417288287151,False
2010-09-01,6,4080.600968,5337.241461,-1256.6404929999994,7.0538786893013405,-0.06273154693904247,False
2010-10-01,6,4825.868361,5358.558564,-532.6902030000001,6.143389207219885,-0.11225637106087485,False
2010-11-01,6,4798.862734,5764.31343,-965.4506959999999,21.249122766307906,0.7093992465689473,False
2010-12-01,6,5315.466365,6002.795065,-687.3287,21.45978465098528,0.7208579102802183,False
2011-01-01,6,5420.741758,5900.538211,-479.79645299999993,18.52020668938352,0.5609636068249727,False
2011-02-01,6,4750.297455,5073.422686,-323.125231,15.22198075878145,0.38156113997415725,False
2011-03-01,6,5600.029557,6545.095967,-945.0664100000004,8.820124978406652,0.033340992662193675,False
2011-04-01,6,5380.27446,6771.958909,-1391.6844490000003,11.870252729486852,0.19924849999115035,False
2011-05-01,6,5020.873122,6504.665328,-1483.792206,6.309815332472057,-0.10320385069177682,False
2011-06-01,6,5453.137492,6556.652072,-1103.51458,16.74424546504074,0.46436263667241295,False
2011-07-01,6,5302.093835,6450.990261,-1148.8964260000002,12.05628741823206,0.209367601224043,False
2011-08-01,6,5329.401262,6193.407536,-864.0062739999994,16.03528238059877,0.42579956399902724,False
2011-09-01,6,5284.356037,6247.984377,-963.6283400000002,29.499455556664934,1.1581647605372503,False
2011-10-01,6,6304.454382,6439.524821,-135.07043900000008,30.638755771896207,1.2201354300416418,False
2011-11-01,6,5625.582363,5983.329052,-357.7466889999996,17.22740730095658,0.49064356074350807,False
2011-12-01,6,5928.333165,6371.310701,-442.9775360000003,11.52987824427707,0.18073429763371376,False
2012-01-01,6,4915.444842,5596.135177,-680.6903350000002,-9.321545621579864,-0.9534502481180811,False
2012-02-01,6,5339.14982,5364.811292,-25.661472000000686,12.396115623879389,0.22785208945541413,False
2012-03-01,6,5839.163818,6455.682762,-616.5189440000004,4.27023212227664,-0.21414417647769687,False
2012-04-01,6,5403.338291,6265.407878,-862.069587,0.4286738747524943,-0.42310045802361296,False
2012-05-01,6,5740.952059,6679.177014,-938.2249549999997,14.341707497941435,0.333679885681586,False
2012-06-01,6,5722.431505,6800.591045,-1078.1595400000006,4.938331619092051,-0.1778038224957628,False
2012-07-01,6,5411.314707,6926.024294,-1514.7095869999994,2.0599573564506812,-0.3343690348563046,False
2012-08-01,6,4780.559729,6208.165548,-1427.6058190000003,-10.298371355772773,-1.0065833415097691,False
2012-09-01,6,5045.070711,6365.074156,-1320.0034449999994,-4.528183270100872,-0.6927218903708665,False
2012-10-01,6,5230.780785,6581.713083,-1350.9322979999997,-17.03039679477214,-1.372762613661227,False
2012-11-01,6,5080.344095,6013.394365,-933.0502699999997,-9.692121327492863,-0.973607204371117,False
2012-12-01,6,5115.426475,5940.279758,-824.8532829999995,-13.712230189748453,-1.1922755012290658,False
2013-01-01,6,5049.140933,6401.068973,-1351.9280400000007,2.7199184468033044,-0.29847135830956734,False
2013-02-01,6,4856.097178,6750.572708,-1894.4755299999997,-9.04737005488263,-0.938536844958121,False
2013-03-01,6,5345.222683,8846.556673,-3501.333989999999,-8.459107337892469,-0.9065391028976996,False
2013-04-01,6,5195.23203,8765.275093,-3570.043063,-3.85143868091008,-0.655911298469842,False
2013-05-01,6,6108.520143,7459.31883,-1350.7986870000004,6.40256320245296,-0.09815895776453723,False
2013-06-01,6,4965.629269,6937.207143,-1971.5778739999996,-13.225186449828897,-1.1657834263244624,False
2013-07-01,6,6006.806684,7341.462461,-1334.655777,11.004571148480412,0.15216094007025696,False
2013-08-01,6,6477.281258,6445.729319,31.551938999999948,35.492110237788445,1.4841269764071596,False
2013-09-01,6,5843.266505,6653.247217,-809.9807120000005,15.821300428151709,0.414160309764085,False
2013-10-01,6,5920.944842,6760.541332,-839.5964899999999,13.194283709597276,0.2712673455816804,False
2013-11-01,6,6002.415171,6532.78235,-530.3671790000008,18.149776053702492,0.5408145414678396,False
2013-12-01,6,5929.909924,6480.083492,-550.1735680000002,15.92210254571198,0.41964330241971465,False
2014-01-01,6,5802.199991,6625.772055,-823.572064,14.914597710635945,0.3648414614967765,False
2014-02-01,6,5588.685206,5666.160524,-77.47531799999979,15.085942499645743,0.3741615258214114,False
2014-03-01,6,5815.950424,6750.618697,-934.6682730000002,8.80651319723511,0.03260059853159446,False
2014-04-01,6,6108.634127,7308.02064,-1199.3865129999995,17.581545765916438,0.5099064358640618,False
2014-05-01,6,5705.221551,7375.840423,-1670.618872,-6.602230696777777,-0.8055368498492489,False
2014-06-01,6,5281.559096,6863.9691,-1582.4100040000003,6.3623321413123435,-0.10034727104704637,False
2014-07-01,6,5350.683331,7653.601782,-2302.9184509999995,-10.922997651109355,-1.0405590304410648,False
2014-08-01,6,5755.062958,7840.833779,-2085.770820999999,-11.15002222742756,-1.0529077202774255,False
2014-09-01,6,5126.072613,8022.541961,-2896.4693479999996,-12.273852157629761,-1.1140369048879688,False
2014-10-01,6,5344.430196,7801.954808,-2457.524612,-9.736869053575958,-0.976041195436067,False
2014-11-01,6,5789.395303,7323.639698,-1534.2443949999997,-3.548902598893544,-0.6394552640540191,False
2014-12-01,6,6151.12333,8185.914695,-2034.791365,3.7304682336689154,-0.243503891418613,False
2015-01-01,6,5734.581834,8609.461055,-2874.879221,-1.1653882510924474,-0.509807276691379,False
2015-02-01,6,4544.357076,6202.944948,-1658.587872,-18.68647260502008,-1.4628425814687107,False
2015-03-01,6,5974.542136,7564.578673,-1590.036537,2.726840850388923,-0.29809482367976103,False
2015-04-01,6,6840.174078,7672.763473,-832.589395,11.97550771238063,0.20497370013716856,False
2015-05-01,6,6058.823607,6984.495292,-925.6716849999993,6.197867214079045,-0.1092931147451182,False
2015-06-01,6,6490.685203,7692.556694,-1201.8714909999999,22.893355636515246,0.7988350339282889,False
2015-07-01,6,5499.804895,7776.653179,-2276.8482839999997,2.7869629872513846,-0.29482456266901846,False
2015-08-01,6,6331.048163,7328.035262,-996.987099,10.00832152842628,0.0979713111007603,False
2015-09-01,6,6788.982682,7729.282866,-940.3001839999997,32.44023630845121,1.3181244881116274,False
2015-10-01,6,7813.917529,7906.454846,-92.53731699999935,46.20674688291877,2.066934911943472,False
2015-11-01,6,6519.566359,6927.888033,-408.3216739999998,12.612216264134425,0.23960658680202765,False
2015-12-01,6,6548.793277,7234.213055,-685.4197780000004,6.464997134108819,-0.09476294985303202,False
2016-01-01,6,5529.085222,7309.680287,-1780.5950650000004,-3.5834628914286792,-0.6413351236713853,False
2016-02-01,6,5590.717358,6029.133302,-438.4159440000003,23.02548555275543,0.8060220591403409,False
2016-03-01,6,6506.081531,6637.408035,-131.32650400000057,8.896738576788565,0.037508284058609266,False
2016-04-01,6,5761.683123,6755.148715,-993.4655920000005,-15.767010352393552,-1.3040424443588103,False
2016-05-01,6,5559.054862,7090.335275,-1531.2804130000004,-8.248610248738675,-0.8950894030124606,False
2016-06-01,6,6336.007701,7849.585497,-1513.5777959999996,-2.3830689235784797,-0.5760413434524381,False
2016-07-01,6,4931.026701,6955.610986,-2024.584285,-10.341788569937993,-1.0089449612074255,False
2016-08-01,6,5843.880049,7935.8731,-2091.9930509999995,-7.694904563309358,-0.8649713431931905,False
2016-09-01,6,5644.718423,7766.031373,-2121.3129499999995,-16.854723492429137,-1.363207105802367,False
2016-10-01,6,5491.42737,7259.803791,-1768.376421,-29.722481077903375,-2.0631310959248284,False
2016-11-01,6,6270.550386,7833.64447,-1563.0940840000003,-3.8195174232139473,-0.6541749855258038,False
2016-12-01,6,6550.678145,8499.411059,-1948.7329140000002,0.028781913251396674,-0.44485203171098986,False
2017-01-01,6,5899.827494,7616.513745,-1716.686251,6.705309415829452,-0.08169149354216616,False
2017-02-01,6,6156.28303,7175.566128,-1019.2830980000008,10.116155687797512,0.10383680200679163,False
2017-03-01,6,7255.985608,8706.21449,-1450.2288820000003,11.526201653435763,0.1805343145275197,False
2017-04-01,6,7120.526602,7809.579993,-689.0533910000004,23.58414112667264,0.8364093613414397,False
2017-05-01,6,6999.289941,8701.406548,-1702.1166070000008,25.907912671360855,0.9628077210313397,False
2017-06-01,6,6273.183989,7914.481074,-1641.2970850000002,-0.991534653439341,-0.5003507491683652,False
2017-07-01,6,6829.655119,8406.933614,-1577.2784949999996,38.50371399560588,1.647939024064855,False
2017-08-01,6,7396.27653,8240.173242,-843.8967120000007,26.56448229572481,0.9985209234464045,False
2017-09-01,6,6748.553696,8502.452098,-1753.8984019999998,19.555187527199003,0.617259967157549,False
2017-10-01,6,7362.589399,8162.65389,-800.0644909999992,34.07423795172584,1.4070037619424056,False
2017-11-01,6,7624.404049,8796.660913,-1172.256864,21.59066716093523,0.7279770845413827,False
2017-12-01,6,7154.740957,8003.864299,-849.1233419999999,9.221378285255376,0.05516661485890227,False
2018-01-01,6,7277.882486,8964.745875,-1686.863389,23.357547206277694,0.8240840964421883,False
2018-02-01,6,6435.397568,7470.944399,-1035.5468309999997,4.53381588597952,-0.19980689988564518,False
2018-03-01,6,7883.826258,8411.495754,-527.6694959999995,8.652727333248599,0.024235627802943412,False
2018-04-01,6,8549.464139,8051.41139,498.0527489999995,20.06786319144771,0.6451462553609193,False
2018-05-01,6,8268.525946,8463.288912,-194.76296600000023,18.133782365053186,0.5399445867533651,False
2018-06-01,6,7701.460491,9028.427685,-1326.9671940000007,22.76796766210709,0.7920147273769594,False
2018-07-01,6,7928.266454,9143.150514,-1214.8840600000012,16.08589768967512,0.42855271417726765,False
2018-08-01,6,7502.701222,9672.972839,-2170.2716170000003,1.4388955249081237,-0.36815083967805046,False
2018-09-01,6,7319.092769,7988.253183,-669.160414,8.454242178411796,0.013439300577267782,False
2018-10-01,6,8842.705914,8846.039221,-3.3333070000007865,20.10320601609308,0.6470686797370134,False
2018-11-01,6,7737.904554,8746.309583,-1008.4050290000005,1.4886475620987882,-0.36544464598766574,False
2018-12-01,6,7251.503031,8257.534475,-1006.0314440000002,1.3524189706034084,-0.37285461300754835,False
2019-01-01,6,7623.876452,9166.09647,-1542.220018,4.754047165031405,-0.1878277221182791,False
2019-02-01,6,6420.39158,6121.651538,298.74004200000036,-0.23317888042562185,-0.4591010290788797,False
2019-03-01,6,8156.358343,7647.313785,509.0445579999996,3.4568504693194058,-0.25838695368643844,False
2019-04-01,6,8568.86587,8571.912572,-3.046701999999641,0.22693505329176578,-0.43407376397388914,False
2019-05-01,6,9000.745515,8784.758949,215.9865660000014,8.855503070099457,0.03526533534086673,False
2019-06-01,6,7296.851848,7297.837828,-0.9859799999994721,-5.253661217542172,-0.7321832663212633,False
2019-07-01,6,8364.01066,8385.385706,-21.3750459999992,5.496084276786095,-0.14746563318177477,False
2019-08-01,6,8558.110129,8161.474818,396.6353110000009,14.067052329169783,0.3187403952258892,False
2019-09-01,6,7463.602105,8010.562106,-546.9600010000004,1.9744159633017455,-0.33902194137989533,False
2019-10-01,6,7832.923517,9800.169742,-1967.2462249999999,-11.419382334103034,-1.0675591931072317,False
2019-11-01,6,8710.779253,8605.921348,104.85790500000076,12.572844394896121,0.23746500808228543,False
2019-12-01,6,7844.191666,8455.104774,-610.9131079999997,8.173321206186767,-0.0018410096463862607,False
2020-01-01,6,7563.030763,8777.887023,-1214.8562599999996,-0.7980938487537892,-0.48982880243688093,False
2020-02-01,6,7929.006722,6966.900822,962.1059000000005,23.49724503875197,0.8316827680574533,False
2020-03-01,6,6858.127752,7710.857707,-852.7299549999998,-15.916791984920264,-1.3121896104200903,False
2020-04-01,6,5461.494081,7425.473247,-1963.979166,-36.26351300326749,-2.418921538378251,False
2020-05-01,6,6146.563843,5672.84239,473.7214530000001,-31.710502949377084,-2.171266813550047,False
2020-06-01,6,7830.819142,7254.798384,576.0207580000006,7.317776283841582,-0.04837719994987996,False
2020-07-01,6,7689.025021,8012.115625,-323.090604,-8.070119305658551,-0.8853806334578966,False
2020-08-01,6,7082.412111,7102.553429,-20.141317999999956,-17.24326978452232,-1.3843415473942835,False
2020-09-01,6,7444.368833,7848.58175,-404.21291699999983,-0.25769423033839,-0.46043450784673917,False
2020-10-01,6,7655.203394,7991.897665,-336.6942710000003,-2.268886228932143,-0.5698305326947024,False
2020-11-01,6,7670.578582,7693.082397,-22.50381500000003,-11.941534055541059,-1.0959609184187789,False
2020-12-01,6,9142.283291,8588.451811,553.8314799999989,16.548443488785104,0.45371225725825504,False
2021-01-01,6,8403.681515,8357.447891,46.23362400000042,11.115262893186252,0.15818186540347792,False
2021-02-01,6,8154.864266,7792.356337,362.5079289999994,2.8484973202674846,-0.2914774871892339,False
2021-03-01,6,10795.276716,8901.595109,1893.6816070000004,57.408510111988356,2.67623942857099,False
2021-04-01,6,10224.012958,9424.856906,799.1560519999985,87.20175846328084,4.296802228750408,True
2021-05-01,6,9992.841357,9158.914837,833.9265199999991,62.576060580259394,2.9573212346965874,False
2021-06-01,6,9811.111115,9529.455571,281.6555439999993,25.288439652230686,0.9291123374773126,False
2021-07-01,6,8664.689666,8271.733025,392.9566410000007,12.689055404752846,0.2437861462584428,False
2021-08-01,6,10009.75427,8025.03765,1984.7166199999992,41.332558923723425,1.8018101563405216,False
2021-09-01,6,12912.307394,8220.356101,4691.951293,73.45066698954086,3.5488305057126737,True
2021-10-01,6,13978.677624,8527.611372,5451.0662520000005,82.60360835031786,4.046692172443462,True
2021-11-01,6,12291.729839,9643.387801,2648.342037999999,60.245145885658815,2.8305343331838024,False
2021-12-01,6,12229.746201,10571.599976,1658.1462250000004,33.77124523191502,1.3905228893413049,False
2022-01-01,6,12611.410273,10584.44543,2026.9648429999997,50.07006453647118,2.277074766477053,False
2022-02-01,6,10379.046521,8808.964988,1570.0815330000005,27.27430135499942,1.037130555694473,False
2022-03-01,6,12045.213602,10897.694186,1147.5194159999992,11.578553462621578,0.18338191924279884,False
2022-04-01,6,14465.574179,11169.206048,3296.3681309999993,41.486266091643586,1.810170846504793,False
2022-05-01,6,10819.667995,10669.240828,150.42716699999983,8.274189576929558,0.0036455867600570244,False
2022-06-01,6,12203.663705,13045.920498,-842.2567929999987,24.386153229292027,0.8800337074843562,False
2022-07-01,6,11656.865666,11180.769561,476.09610500000053,34.53298520016492,1.4319566880798735,False
2022-08-01,6,11555.623713,10614.277614,941.3460990000003,15.443630296031241,0.3936174619471324,False
2022-09-01,6,11261.027262,10300.379308,960.647954,-12.78842023825506,-1.1420261284794577,False
2022-10-01,6,10598.208368,9122.179106,1476.029262,-24.183040391432097,-1.7618208324568219,False
2022-11-01,6,10288.378241,10020.013227,268.3650140000009,-16.298369914083487,-1.3329450174868256,False
2022-12-01,6,10861.030485,10429.681695,431.34879,-11.191693543796388,-1.0551743742637774,False
2023-01-01,6,8704.777956,9770.274379,-1065.4964230000005,-30.976966353745393,-2.1313670985060713,False
2023-02-01,6,10081.399208,8651.803224,1429.5959840000014,-2.86777125815717,-0.6024060608312422,False
2023-03-01,6,11461.665887,10898.039691,563.6261959999993,-4.844643974624974,-0.7099353354918341,False
2023-04-01,6,10191.023208,9841.819026,349.2041820000013,-29.549818887973778,-2.0537393733876224,False
2023-05-01,6,10423.564868,11213.236254,-789.671386,-3.6609545429956647,-0.6455501755641231,False
2023-06-01,6,11572.093868,9966.657594,1605.4362739999997,-5.175247796620608,-0.7279180760512408,False
2023-07-01,6,10756.88624,10484.895362,271.9908780000005,-7.7205953279962936,-0.8663687570323566,False
2023-08-01,6,11023.149543,10162.747083,860.4024599999993,-4.607922369443129,-0.697059189096746,False
2023-09-01,6,10327.442553,10917.406725,-589.964172,-8.29040448334898,-0.8973627429676352,False
2023-10-01,6,10824.677253,11013.221918,-188.54466499999944,2.136860091218762,-0.33018601628351407,False
2023-11-01,6,11133.287266,11120.423794,12.863471999999092,8.212266357325104,0.00027735832873306866,False
2023-12-01,6,11078.479634,11454.582356,-376.10272200000145,2.0021042137789324,-0.33751587704624797,False
2024-01-01,6,12118.817892,12975.695092,-856.8772000000008,39.22029893533103,1.6869166770819022,False
2024-02-01,6,11335.901646,10472.573543,863.3281029999998,12.443733375864152,0.2304421916351024,False
2024-03-01,6,12321.13166,11170.430285,1150.7013749999987,7.498611296764635,-0.0385409279375886,False
2024-04-01,6,11723.723811,11373.720039,350.003772,15.039712614890544,0.3716469147723746,False
2024-05-01,6,12791.357411,12042.63064,748.7267710000015,22.71576541216764,0.789175257731352,False
2024-06-01,6,11031.501097,10179.656359,851.8447379999998,-4.6715207910202565,-0.7005185378371982,False
2024-07-01,6,12070.3306,10684.51898,1385.8116199999986,12.21026541227046,0.2177430226028284,False
2024-08-01,6,11734.010026,11936.589353,-202.57932699999947,6.448796509808896,-0.0956441605478369,False
2024-09-01,6,10123.307588,10179.827328,-56.51973999999973,-1.976626487655475,-0.5539334657109849,False
2024-10-01,6,10706.550819,10863.422229,-156.87140999999974,-1.091269801760253,-0.5057757054985209,False
2024-11-01,6,10448.397461,10595.342688,-146.94522700000016,-6.151730289863144,-0.781032499323138,False
2024-12-01,6,11603.832488,11255.567039,348.26544900000044,4.742102448676122,-0.18847743854919077,False
2025-01-01,6,10569.131918,10516.374111,52.75780699999996,-12.787435109681732,-1.1419725437645416,False
2025-02-01,6,10292.292732,8613.325343,1678.9673889999995,-9.206227670193744,-0.9471776866301314,False
2025-03-01,6,11844.485666,9527.601561,2316.884105000001,-3.8685244761031856,-0.6568406568189201,False
2025-04-01,6,10922.596221,10316.103211,606.4930100000001,-6.833388460143763,-0.8181103587149695,False
2025-05-01,6,12161.754245,11193.880611,967.8736339999996,-4.9220981461949425,-0.7141483487116417,False
2025-06-01,6,9739.769146,10170.557103,-430.78795699999864,-11.709484861958487,-1.0833389214314904,False
2025-07-01,6,12441.764038,10973.856987,1467.9070510000001,3.077243286111808,-0.2790351647352494,False
2025-08-01,6,10901.71554,10415.45846,486.2570799999994,-7.09300984195359,-0.8322321069893208,False
2025-09-01,6,10298.907699,9974.608895,324.298804,1.7346120274776,-0.35206574691432485,False
2025-10-01,6,11310.251994,10655.026453,655.2255409999998,5.638614948977438,-0.13971287314317904,False
2025-11-01,6,10276.322364,10060.386188,215.93617599999925,-1.646904203657007,-0.5359986751994651,False
2025-12-01,6,12550.06742,11235.929396,1314.1380239999999,8.15450354853484,-0.0028645702738698403,False
2026-01-01,6,10786.062716,10966.704095,-180.64137899999878,2.0524939955622212,-0.33477499411517897,False
2026-02-01,6,9500.450956,9204.990744,295.46021199999996,-7.693541144025817,-0.8648971818749649,False
2026-03-01,6,11302.933756,10101.180058,1201.7536980000004,-4.572185954469454,-0.6951153559156421,False
2026-04-01,6,13794.190924,12403.723278,1390.467646000001,26.290404267430635,0.9836128257538346,False
2026-05-01,6,11661.240155,11276.521351,384.7188040000001,-4.11547610580747,-0.6702732513391173,False
2026-06-01,6,11222.360173,12452.08355,-1229.7233770000003,15.222034575725862,0.38156406727288966,False
2026-07-01,6,12723.41515,12764.090086,-40.674935999999434,2.2637554541283134,-0.32328371740620604,False
2000-01-01,7,14958.386186,13025.466677,1932.9195089999994,,,False
2000-02-01,7,16986.581083,13633.805889,3352.7751940000016,,,False
2000-03-01,7,20139.482974,15525.055673,4614.427300999998,,,False
2000-04-01,7,17989.050119,15948.963137,2040.086981999999,,,False
2000-05-01,7,18776.956887,16045.277941,2731.678946,,,False
2000-06-01,7,19830.751054,17235.754523,2594.9965310000007,,,False
2000-07-01,7,20301.875068,18010.759216,2291.1158520000026,,,False
2000-08-01,7,21969.621903,18465.028049,3504.593853999999,,,False
2000-09-01,7,22289.507276,18134.245654,4155.261622000002,,,False
2000-10-01,7,20403.990329,17495.117944,2908.8723849999988,,,False
2000-11-01,7,20845.810919,16886.240645,3959.570273999998,,,False
2000-12-01,7,18886.862363,15322.272053,3564.5903099999996,,,False
2001-01-01,7,16863.304221,15987.520071,875.7841499999977,12.734783092997493,0.4130031130534022,False
2001-02-01,7,17525.700825,13786.405797,3739.2950280000005,3.1737978311571213,-0.24537554195277753,False
2001-03-01,7,18138.728691,15762.531319,2376.1973720000005,-9.934486826612998,-1.1480246503940996,False
2001-04-01,7,16361.083294,13618.782482,2742.3008119999995,-9.049765352982941,-1.087101877488212,False
2001-05-01,7,16622.109563,14035.632164,2586.4773990000012,-11.476019980063334,-1.254176108263904,False
2001-06-01,7,16800.726242,13727.797269,3072.928973,-15.2794253921554,-1.5160822686729825,False
2001-07-01,7,15628.893407,13266.443802,2362.449605,-23.01748801698419,-2.0489327149153524,False
2001-08-01,7,16273.742038,13076.808705,3196.933333000001,-25.926162453538694,-2.249226838475271,False
2001-09-01,7,17202.239494,13238.365597,3963.8738970000013,-22.823599099822466,-2.0355813373108895,False
2001-10-01,7,17732.563681,14710.839301,3021.7243799999997,-13.092667683747761,-1.3655000264189356,False
2001-11-01,7,17753.091119,15151.854868,2601.2362510000003,-14.836169300476222,-1.4855592272216185,False
2001-12-01,7,15925.63439,13246.014028,2679.6203619999997,-15.67877139191286,-1.5435816188970415,False
2002-01-01,7,16875.014763,14394.90722,2480.107543,0.0694439348690512,-0.4591443416034444,False
2002-02-01,7,15036.232054,12715.109281,2321.122773000001,-14.20467458538851,-1.442073892836433,False
2002-03-01,7,19394.254843,16186.619648,3207.635194999999,6.921797957223763,0.012715357089960326,False
2002-04-01,7,17811.306498,17447.895084,363.41141400000197,8.863858082868092,0.14644748808340657,False
2002-05-01,7,17756.357522,15340.81731,2415.540211999998,6.823730494020919,0.005962337107694537,False
2002-06-01,7,17706.969038,15693.269967,2013.699070999999,5.394069178595928,-0.09248551823213164,False
2002-07-01,7,18598.458938,16071.649383,2526.809555,19.000484894662904,0.8444653747216332,False
2002-08-01,7,18565.15101,16655.531397,1909.6196130000026,14.08040613307897,0.5056640118009482,False
2002-09-01,7,18614.444427,16299.253987,2315.1904399999985,8.209424903615382,0.10138258895972765,False
2002-10-01,7,19077.890266,16556.907581,2520.982684999999,7.586757387153686,0.058505103974965854,False
2002-11-01,7,19172.455152,15895.68048,3276.7746719999977,7.995024773353099,0.0866187894631828,False
2002-12-01,7,16683.41788,14711.597296,1971.820584000001,4.758262505861799,-0.1362677781744584,False
2003-01-01,7,17658.525719,14487.657924,3170.867795000002,4.643023825483827,-0.14420322471203958,False
2003-02-01,7,15352.188316,12854.778664,2497.4096520000003,2.101299453648342,-0.3192288133409004,False
2003-03-01,7,18243.483777,15309.477775,2934.006002000002,-5.933566797568135,-0.8725174432003917,False
2003-04-01,7,18411.026969,15459.882468,2951.144500999999,3.367077373393901,-0.23206612649264255,False
2003-05-01,7,17890.076953,15322.449234,2567.627719,0.7530791764827072,-0.4120685603359198,False
2003-06-01,7,19056.387264,15389.571578,3666.8156860000017,7.620831228111857,0.060851461485888,False
2003-07-01,7,18670.471417,17734.679044,935.7923730000002,0.38719594585800987,-0.43726363204358565,False
2003-08-01,7,18937.440358,16631.303868,2306.136490000001,2.005312791689473,-0.32583854734511836,False
2003-09-01,7,19683.927195,16973.408465,2710.51873,5.745445544690719,-0.06828940319012207,False
2003-10-01,7,21552.138021,18773.553637,2778.584383999998,12.96918957233717,0.42914456901906955,False
2003-11-01,7,19035.567246,16435.785302,2599.7819439999985,-0.7139821421656589,-0.5130918159242653,False
2003-12-01,7,21586.391888,19955.984627,1630.4072609999967,29.388306660337626,1.5597807878543166,False
2004-01-01,7,19721.736774,17164.566574,2557.1702000000005,11.683937197430083,0.34064085242909686,False
2004-02-01,7,17422.837466,16064.933451,1357.904015,13.487648193072111,0.4648461290620693,False
2004-03-01,7,22088.940726,19823.774714,2265.1660120000015,21.078523137384874,0.9875610898416194,False
2004-04-01,7,22032.420729,19176.757612,2855.663117,19.66969993633494,0.890548167130533,False
2004-05-01,7,21265.651806,18080.302714,3185.3490920000004,18.868419973084283,0.8353712570066465,False
2004-06-01,7,22125.743351,19951.678538,2174.064813000001,16.106705035315972,0.64519690609583,False
2004-07-01,7,23469.418721,20221.842887,3247.5758339999993,25.70340725103715,1.306035064951557,False
2004-08-01,7,22637.874161,19130.261625,3507.6125360000005,19.540306044775345,0.8816379791155978,False
2004-09-01,7,24072.494632,21685.296015,2387.198617000002,22.295182224179122,1.0713414065378148,False
2004-10-01,7,23877.603483,21147.042415,2730.561067999999,10.789952531549819,0.27908020718184096,False
2004-11-01,7,20453.708704,18872.366097,1581.3426070000023,7.449956387813983,0.04908485538319693,False
2004-12-01,7,23319.886859,21172.47433,2147.4125289999974,8.030498936525188,0.08906157451065332,False
2005-01-01,7,20730.332766,17478.475209,3251.8575569999994,5.114133727459924,-0.11176214305269896,False
2005-02-01,7,19613.116221,16738.231491,2874.8847300000016,12.571309118128692,0.4017461376732396,False
2005-03-01,7,25186.515359,20838.329847,4348.185512,14.02319229076463,0.5017242115064124,False
2005-04-01,7,23173.977862,20104.895791,3069.0820710000007,5.181260593382886,-0.10713972240348725,False
2005-05-01,7,23048.961419,20448.117205,2600.8442140000006,8.38586857938135,0.11353267043708203,False
2005-06-01,7,24945.185024,20761.389153,4183.795870999998,12.742811069769422,0.4135559272670815,False
2005-07-01,7,23897.643401,21675.852995,2221.790406,1.8246070986702279,-0.338282115436036,False
2005-08-01,7,25269.761332,21792.878865,3476.8824669999995,11.626034990220724,0.33665365066480407,False
2005-09-01,7,26020.782947,23689.943507,2330.8394399999997,8.093420913718274,0.09339444247145381,False
2005-10-01,7,26910.726973,22267.375752,4643.351221000001,12.70279696268295,0.41080051730844364,False
2005-11-01,7,23898.309805,19813.753911,4084.555894000001,16.840960976071596,0.6957584774680186,False
2005-12-01,7,26871.298616,23158.281837,3713.0167790000014,15.229112295754476,0.5847650246848477,False
2006-01-01,7,22292.227929,19709.403881,2582.824048000002,7.534346798145375,0.05489606032994597,False
2006-02-01,7,22545.511745,19672.348421,2873.163324000001,14.95119638795719,0.5656274675639639,False
2006-03-01,7,27550.329765,24163.050869,3387.278896,9.385237982733985,0.18235021022136427,False
2006-04-01,7,24379.71923,22099.845052,2279.874177999998,5.202996978680718,-0.10564293397372156,False
2006-05-01,7,24980.050286,21622.393687,3357.6565990000017,8.378203390145567,0.11300483812260655,False
2006-06-01,7,26248.250237,23121.514405,3126.7358319999985,5.2237143630977645,-0.10421631492618677,False
2006-07-01,7,26276.970216,22495.632038,3781.338178000002,9.956324040304487,0.2216757462596528,False
2006-08-01,7,27846.683619,23100.561176,4746.122443,10.1976518620172,0.23829381252829623,False
2006-09-01,7,28555.618296,23325.139669,5230.478627,9.741579852393523,0.20688825462199695,False
2006-10-01,7,25179.958269,20874.418937,4305.539332,-6.431519690034804,-0.9068069590421449,False
2006-11-01,7,25998.241942,23824.512559,2173.7293830000017,8.786948341261569,0.1411514091910071,False
2006-12-01,7,27489.88673,22654.167719,4835.719010999997,2.302040265488592,-0.3054056076686021,False
2007-01-01,7,24323.397871,22269.446653,2053.951218000002,9.111560982012247,0.1635045483249437,False
2007-02-01,7,20851.099479,18467.812651,2383.2868280000002,-7.515519209164879,-0.9814522101210937,False
2007-03-01,7,24606.111765,22301.430894,2304.6808710000005,-10.686688780547149,-1.1998220015207408,False
2007-04-01,7,22044.909844,21375.953946,668.9558980000002,-9.57685100461264,-1.1233975031888437,False
2007-05-01,7,24890.680492,21714.384221,3176.2962709999993,-0.357764668112337,-0.488562337524904,False
2007-06-01,7,23684.076136,21311.63748,2372.4386559999984,-9.768933463555197,-1.136624486340216,False
2007-07-01,7,24251.39798,23013.634248,1237.763732000003,-7.708545617510476,-0.9947441945376437,False
2007-08-01,7,26734.199744,23209.279555,3524.9201890000004,-3.9950318329502688,-0.7390280581909339,False
2007-09-01,7,27142.517516,22992.75812,4149.759396000001,-4.948591080578857,-0.8046910665241953,False
2007-10-01,7,25856.920554,24446.870099,1410.0504550000005,2.6884964532821964,-0.27879386231283176,False
2007-11-01,7,26061.008206,22922.218592,3138.7896139999975,0.24142503227728707,-0.447301557570502,False
2007-12-01,7,25459.645959,23324.25606,2135.3898990000016,-7.3854097360989694,-0.9724927464743306,False
2008-01-01,7,23627.881183,21904.990868,1722.8903150000006,-2.8594552935765627,-0.6608311638150585,False
2008-02-01,7,19867.350258,19529.046553,338.30370499999844,-4.7179728915051955,-0.7888104758754182,False
2008-03-01,7,19986.3769,21822.445212,-1836.0683119999994,-18.77474551493813,-1.75677337928879,False
2008-04-01,7,24835.15406,20976.928584,3858.2254759999996,12.65709061976239,0.4076531345070714,False
2008-05-01,7,27954.912829,21910.303715,6044.609114000003,12.310761604066478,0.38380458487552455,False
2008-06-01,7,24847.750566,21099.336289,3748.414277,4.913319917221526,-0.12559037546501145,False
2008-07-01,7,27093.272245,23276.517438,3816.754807000001,11.71839358433553,0.3430135524224461,False
2008-08-01,7,26214.574623,21693.608459,4520.966164000001,-1.943671873389896,-0.5977694353480281,False
2008-09-01,7,27248.324911,22009.298689,5239.026222,0.389821596090445,-0.43708282723935205,False
2008-10-01,7,21996.571746,22290.047848,-293.4761019999969,-14.929654132393633,-1.4919966827992266,False
2008-11-01,7,22943.786957,20445.174488,2498.6124689999997,-11.961245798166487,-1.287589225505289,False
2008-12-01,7,19483.368992,17325.272856,2158.096136,-23.473527387710526,-2.080336025275741,False
2009-01-01,7,15873.171701,16183.998758,-310.8270570000004,-32.820164541793226,-2.7239544631051555,False
2009-02-01,7,16969.326395,14118.291309,2851.035086,-14.586866519016795,-1.468391997542722,False
2009-03-01,7,19196.06023,16063.139127,3132.9211029999988,-3.9542768254310245,-0.736221629114803,False
2009-04-01,7,19431.84393,17338.830891,2093.0130389999977,-21.75670067093597,-1.9621136837791977,False
2009-05-01,7,20233.313158,17065.132918,3168.1802400000015,-27.621619563734534,-2.365977648277956,False
2009-06-01,7,21167.379693,17533.859259,3633.520433999998,-14.811686326391149,-1.4838733060422378,False
2009-07-01,7,23436.948194,20129.022144,3307.926050000002,-13.495320970964542,-1.393227119643277,False
2009-08-01,7,23079.712158,19409.72178,3669.9903779999986,-11.958471613914934,-1.2873981925054196,False
2009-09-01,7,23147.132862,18548.594263,4598.5385989999995,-15.051171264272368,-1.5003644695550373,False
2009-10-01,7,26178.183621,21450.604924,4727.578697000001,19.01028907270703,0.8451404998658897,False
2009-11-01,7,24464.015759,22395.016682,2068.9990770000004,6.625884405434612,-0.007661535132917302,False
2009-12-01,7,25450.926293,22127.927848,3322.998445000001,30.62898056003722,1.6452147877000878,False
2010-01-01,7,23706.072745,19538.77769,4167.295055000002,49.34679213169812,2.9341413229593956,False
2010-02-01,7,20063.903162,17948.256494,2115.6466679999976,18.236297039532534,0.7918426628928792,False
2010-03-01,7,26549.886541,21925.750782,4624.135759000001,38.309039578378126,2.1740710497261704,False
2010-04-01,7,23182.800265,21355.133699,1827.6665659999999,19.303141526415104,0.8653066019262192,False
2010-05-01,7,22579.226251,22022.077183,557.1490679999988,11.594310208520909,0.33446905163720675,False
2010-06-01,7,23860.567602,23197.679416,662.8881860000001,12.723293804242708,0.4122119495623818,False
2010-07-01,7,25013.40464,23819.393524,1194.0111160000015,6.726372533449476,-0.0007418258399254514,False
2010-08-01,7,23760.205185,22855.595336,904.6098490000004,2.9484467671929915,-0.26089343329281256,False
2010-09-01,7,21954.099601,21562.298111,391.80149000000165,-5.154129749514535,-0.8188446572577496,False
2010-10-01,7,24500.367013,23712.134875,788.2321379999994,-6.409217049933391,-0.9052711777611443,False
2010-11-01,7,21477.998361,21104.782023,373.216338000002,-12.20575324761014,-1.3044262440023469,False
2010-12-01,7,23767.451872,22549.233953,1218.2179190000024,-6.614589982381192,-0.9194133557204932,False
2011-01-01,7,20782.693465,20054.259292,728.4341730000015,-12.331773851561255,-1.3131041441831521,False
2011-02-01,7,19553.169833,17861.703506,1691.4663269999983,-2.545533263773425,-0.6392141904489876,False
2011-03-01,7,24686.647923,21941.6313,2745.0166229999995,-7.017877892331736,-0.947184149677599,False
2011-04-01,7,22559.56153,20297.634374,2261.927155999998,-2.688366926669039,-0.6490498540643417,False
2011-05-01,7,21711.494863,20027.811363,1683.6834999999992,-3.843051920176266,-0.728562574998583,False
2011-06-01,7,23421.035976,22117.322845,1303.7131310000004,-1.842083697804231,-0.5907739757196605,False
2011-07-01,7,23366.715829,21991.318003,1375.3978260000004,-6.583225413331817,-0.9172535612829898,False
2011-08-01,7,22836.789196,21578.994545,1257.7946510000002,-3.8863973682472963,-0.7315473843064212,False
2011-09-01,7,23076.549748,22649.930622,426.6191260000014,5.112713194345142,-0.11185996233134954,False
2011-10-01,7,23022.201951,22394.257541,627.9444100000001,-6.033236405053355,-0.8793807883812506,False
2011-11-01,7,21105.726633,21594.879105,-489.1524720000016,-1.7332701201615675,-0.5832809679455854,False
2011-12-01,7,23640.216629,22770.002012,870.2146169999978,-0.5353339671632873,-0.5007899305059491,False
2012-01-01,7,19544.22737,20482.879435,-938.6520649999984,-5.959122175793496,-0.8742772111618947,False
2012-02-01,7,21522.496554,20020.731527,1501.7650270000013,10.07164944517771,0.2296171647295167,False
2012-03-01,7,23702.144778,22816.04427,886.1005080000032,-3.987998484325439,-0.738543735029566,False
2012-04-01,7,21520.323689,21874.779675,-354.45598600000085,-4.606640247054472,-0.7811440027343813,False
2012-05-01,7,22303.194598,23079.044521,-775.8499230000016,2.725283260013356,-0.2762606873654445,False
2012-06-01,7,23485.591085,22566.083062,919.5080229999985,0.27562875129072406,-0.4449462565315857,False
2012-07-01,7,22618.084354,23653.708775,-1035.6244210000004,-3.203836946871619,-0.6845456161958333,False
2012-08-01,7,21765.709401,22530.395456,-764.6860549999983,-4.690150554035011,-0.7868946029166075,False
2012-09-01,7,24040.441111,22951.848378,1088.5927330000013,4.176930145649416,-0.1762988844826931,False
2012-10-01,7,22600.450912,22226.001954,374.44895800000086,-1.8319318017348873,-0.5900749063772388,False
2012-11-01,7,22598.884288,22731.366192,-132.4819040000002,7.074656471032692,0.02324134159591222,False
2012-12-01,7,20983.214279,21536.966879,-553.7525999999998,-11.239331651219276,-1.237877521943312,False
2013-01-01,7,20692.466857,21331.506065,-639.039208000002,5.8750825257104955,-0.0593624758007964,False
2013-02-01,7,18280.933688,19122.63814,-841.7044519999981,-15.061277198334821,-1.5010603739093904,False
2013-03-01,7,22893.215101,23634.262667,-741.0475659999975,-3.4128965314178528,-0.6989416605699469,False
2013-04-01,7,21052.550456,22068.904744,-1016.3542879999986,-2.173634745276154,-0.6136049002240287,False
2013-05-01,7,21783.749542,22361.94865,-578.1991079999971,-2.3290163824628785,-0.624304629436242,False
2013-06-01,7,22455.53059,22373.311979,82.21861100000024,-4.385925358539899,-0.7659453629017233,False
2013-07-01,7,24100.832703,24813.307299,-712.474596,6.555587669553353,-0.012502236080919731,False
2013-08-01,7,23604.307489,23743.502454,-139.1949650000024,8.447223355447008,0.11775761941859918,False
2013-09-01,7,24903.696211,24445.362355,458.33385599999747,3.5908455090909452,-0.21665723711787715,False
2013-10-01,7,25605.708233,24439.174971,1166.5332620000008,13.297333458972371,0.45174087314618194,False
2013-11-01,7,24709.681122,23181.128126,1528.5529960000022,9.34027010847094,0.17925367908309825,False
2013-12-01,7,23593.196534,24762.929015,-1169.7324810000027,12.43842921440339,0.392595899502579,False
2014-01-01,7,23677.578274,23129.63607,547.942203999999,14.426078039072344,0.5294673122253998,False
2014-02-01,7,21755.411594,20012.998451,1742.4131430000016,19.006019962102492,0.8448465247973256,False
2014-03-01,7,24539.389461,23315.623321,1223.7661399999997,7.190664800629465,0.03122978692008535,False
2014-04-01,7,25203.271633,23433.474873,1769.796760000001,19.716001563207453,0.8937365417582599,False
2014-05-01,7,24790.160918,24022.712158,767.448760000003,13.801165727706843,0.48643524850120295,False
2014-06-01,7,23977.537986,23701.406979,276.13100699999995,6.777873227710729,0.00280456157633142,False
2014-07-01,7,23781.438916,22989.989445,791.4494709999999,-1.3252396335676986,-0.555183595592406,False
2014-08-01,7,25073.602004,26091.617744,-1018.0157399999989,6.224688081549168,-0.035288300458803705,False
2014-09-01,7,26166.909904,23365.235048,2801.6748560000015,5.072394404016367,-0.11463635307154668,False
2014-10-01,7,24512.599776,27706.409259,-3193.809483000001,-4.269003017035211,-0.7578939778371246,False
2014-11-01,7,26217.983989,22826.96157,3391.022419000001,6.104096849947194,-0.043592328829658446,False
2014-12-01,7,27039.474108,24951.513207,2087.9609009999986,14.607082041780961,0.5419314222088824,False
2015-01-01,7,25508.533529,24072.46639,1436.0671389999989,7.732865387718069,0.06856624163628507,False
2015-02-01,7,21426.010829,20519.369385,906.6414439999971,-1.5141095519004,-0.5681893601028175,False
2015-03-01,7,28056.836586,25195.133013,2861.7035730000025,14.333881984269482,0.5231186030813486,False
2015-04-01,7,24988.052641,23505.263745,1482.7888959999982,-0.8539327557705034,-0.5227289499882823,False
2015-05-01,7,25049.000992,23871.559899,1177.4410930000013,1.0441242187018585,-0.39202691837175496,False
2015-06-01,7,27203.080837,23798.759568,3404.321269,13.452352167613423,0.4624156107491395,False
2015-07-01,7,26882.164629,25225.324199,1656.8404300000002,13.038427674424069,0.43391237142423494,False
2015-08-01,7,29155.392759,24332.912766,4822.479992999997,16.27923564531666,0.6570775300952215,False
2015-09-01,7,30378.581439,27130.610001,3247.9714380000005,16.095410388355358,0.64441914582625,False
2015-10-01,7,31082.320381,28092.063288,2990.257093,26.801402809310915,1.3816440967680013,False
2015-11-01,7,26953.953922,25567.659379,1386.294543,2.807118706414591,-0.2706254196960637,False
2015-12-01,7,29410.861333,25756.26127,3654.6000630000017,8.770093736025707,0.13999078483881447,False
2016-01-01,7,26701.773951,25197.145419,1504.6285319999988,4.677808783650517,-0.14180789898513613,False
2016-02-01,7,24077.697751,22843.301028,1234.396722999998,12.37601783721194,0.38829819194974036,False
2016-03-01,7,28816.595914,25208.019675,3608.576239000002,2.7079294049105584,-0.2774556905443902,False
2016-04-01,7,26030.19521,23144.452623,2885.7425870000006,4.170563364710023,-0.17673730715115243,False
2016-05-01,7,26114.095483,26154.762547,-40.66706399999748,4.252043789451587,-0.17112648661524069,False
2016-06-01,7,28666.036544,26789.770288,1876.266255999999,5.37790449459008,-0.09359863394384038,False
2016-07-01,7,25480.260763,28817.764702,-3337.503939000002,-5.214996207885925,-0.8230359802124543,False
2016-08-01,7,30228.171729,26570.383431,3657.788298000003,3.6795215858268504,-0.21055091705423007,False
2016-09-01,7,30120.433398,26863.347242,3257.086156000001,-0.8497698996194458,-0.5224422917037376,False
2016-10-01,7,30607.842823,27139.494177,3468.3486459999986,-1.5265191021261115,-0.5690438936851926,False
2016-11-01,7,30679.706062,28132.074215,2547.6318470000006,13.822655298668508,0.4879150410580296,False
2016-12-01,7,31261.777115,29487.190292,1774.5868230000015,6.293306955696698,-0.03056313868603122,False
2017-01-01,7,29163.534556,29183.744057,-20.209501000001183,9.219464630018726,0.170934897467757,False
2017-02-01,7,29094.555332,25304.86357,3789.6917619999986,20.836118273773252,0.9708688574303275,False
2017-03-01,7,34365.993299,35875.830654,-1509.837354999996,19.2576437604274,0.8621735819333608,False
2017-04-01,7,30700.072869,28531.484672,2168.588197000001,17.940232953788882,0.7714554047568888,False
2017-05-01,7,33804.337164,30976.341969,2827.995194999996,29.448623583406363,1.5639342692787261,False
2017-06-01,7,32668.956124,28248.811843,4420.144281000001,13.963979896055223,0.49764678896879305,False
2017-07-01,7,32664.495691,31021.004036,1643.4916550000016,28.195295938384834,1.4776289203410264,False
2017-08-01,7,35832.863025,33086.650787,2746.212238,18.541284422514458,0.8128443878723027,False
2017-09-01,7,35038.278518,32105.141511,2933.1370069999975,16.327272104678748,0.6603853669593045,False
2017-10-01,7,35580.762632,31915.645295,3665.1173369999997,16.247207742661107,0.6548720578666226,False
2017-11-01,7,36844.070432,32832.109021,4011.961411000004,20.09264481720443,0.9196725590402224,False
2017-12-01,7,33050.701307,33776.386714,-725.6854069999972,5.722400826476504,-0.06987628468479674,False
2018-01-01,7,36677.536801,32337.411265,4340.125536000003,25.76506023497107,1.3102805488141396,False
2018-02-01,7,28981.975848,26917.551941,2064.4239069999967,-0.38694347693356557,-0.49057161840760516,False
2018-03-01,7,37599.770481,31298.887159,6300.883321999998,9.40981729777064,0.18404276553147375,False
2018-04-01,7,37636.042501,30893.848431,6742.194070000005,22.592681332049015,1.0918274816797418,False
2018-05-01,7,33770.753376,31424.316554,2346.4368219999997,-0.09934757139909989,-0.47076748731802126,False
2018-06-01,7,34981.517488,31322.306719,3659.2107689999975,7.078773362767765,0.023524834726495896,False
2018-07-01,7,39429.213729,33991.808095,5437.4056340000025,20.70969685861055,0.9621633570034,False
2018-08-01,7,36495.729274,36708.295584,-212.56631000000198,1.8498835790417445,-0.3365415526494047,False
2018-09-01,7,37521.76757,28758.8903,8762.877270000005,7.087931134299819,0.024155447695662493,False
2018-10-01,7,43490.250077,33619.006749,9871.243327999997,22.22967373354303,1.0668304287698005,False
2018-11-01,7,36053.643566,32359.176647,3694.4669189999986,-2.145329918036132,-0.6116558025548957,False
2018-12-01,7,37607.234531,31940.534563,5666.699968000001,13.786494821018946,0.48542499573452946,False
2019-01-01,7,39001.343801,32042.727625,6958.616176000003,6.335777161394995,-0.027638599411080125,False
2019-02-01,7,29763.961511,24757.632452,5006.329059,2.6981792652827963,-0.27812709455124174,False
2019-03-01,7,36580.304444,29796.13208,6784.172364000002,-2.711362393861305,-0.6506333440862025,False
2019-04-01,7,37936.414214,30028.804217,7907.609996999996,0.7980959023308865,-0.40896866523044395,False
2019-05-01,7,34783.84098,30186.28821,4597.552770000002,2.999896368080357,-0.2573505642154986,False
2019-06-01,7,32570.055747,27532.963452,5037.092294999999,-6.8935309676809275,-0.9386215006656293,False
2019-07-01,7,41766.743497,30311.127311,11455.616186000003,5.928420952205693,-0.05568954037266516,False
2019-08-01,7,34811.082644,30142.326673,4668.755971000002,-4.616010320966946,-0.7817892350499697,False
2019-09-01,7,34498.316203,29168.68351,5329.632693000003,-8.057859644696908,-1.0187982949358205,False
2019-10-01,7,42753.420933,30858.687327,11894.733606000002,-1.6942398415631832,-0.5805933053643364,False
2019-11-01,7,32777.333362,31061.712418,1715.6209439999984,-9.087320669830135,-1.0896879727824773,False
2019-12-01,7,36617.076219,30075.758744,6541.3174750000035,-2.632893176933293,-0.6452298782209588,False
2020-01-01,7,37483.358465,28761.601137,8721.757327999996,-3.8921359831736946,-0.7319425508581279,False
2020-02-01,7,29949.990245,24960.129472,4989.860773,0.625013353586179,-0.42088729626341836,False
2020-03-01,7,33456.237839,25779.956033,7676.281806000003,-8.540296896059374,-1.05201938878528,False
2020-04-01,7,29154.617758,34841.540715,-5686.9229570000025,-23.14872567149263,-2.0579698662229995,False
2020-05-01,7,26976.32208,25041.340328,1934.9817520000033,-22.445821623003514,-2.009567216352835,False
2020-06-01,7,38036.581734,28153.521392,9883.060342,16.783901229593432,0.6918292883611988,False
2020-07-01,7,44862.031713,30345.345381,14516.686331999997,7.4108919126584905,0.04639483799408479,False
2020-08-01,7,36515.572523,28853.476637,7662.095886000003,4.896400081638319,-0.12675549164175712,False
2020-09-01,7,43604.878857,30213.794622,13391.084235000002,26.397122110000517,1.353804938379245,False
2020-10-01,7,43736.413455,30320.073444,13416.340011,2.2992137250033684,-0.30560024596915564,False
2020-11-01,7,38667.731969,29725.955452,8941.776517000002,17.970951272774883,0.7735706977925105,False
2020-12-01,7,41754.125194,32650.811983,9103.313211,14.029107469630443,0.5021315364210672,False
2021-01-01,7,41731.210943,31225.650134,10505.560808999999,11.332635740114982,0.3164498956778147,False
2021-02-01,7,36248.105151,28933.451379,7314.653772000005,21.028771143093916,0.9841351195897992,False
2021-03-01,7,45900.807242,33500.683588,12400.123654000003,37.19655946638849,2.0974645975882167,False
2021-04-01,7,42814.506555,33675.614988,9138.891566999999,46.85325978335537,2.762434283490505,False
2021-05-01,7,36585.873558,32656.888405,3928.985152999998,35.6221706187458,1.9890506649671966,False
2021-06-01,7,42232.995446,33635.613612,8597.381834,11.03257317218105,0.2957872982065561,False
2021-07-01,7,39407.127839,34710.947551,4696.180288000003,-12.159288524641854,-1.3012266384203581,False
2021-08-01,7,39266.473562,32525.280891,6741.192671000001,7.53350104881223,0.05483782121617485,False
2021-09-01,7,46444.043839,36420.545157,10023.498681999998,6.511117692382307,-0.015564481545817929,False
2021-10-01,7,48259.511922,38172.285579,10087.226342999995,10.341722399468733,0.2482146485170236,False
2021-11-01,7,46378.419557,40037.318893,6341.100663999998,19.94088402749268,0.9092221648730143,False
2021-12-01,7,56519.60972,41278.097743,15241.511977000002,35.362935895305924,1.9711995121963166,False
2022-01-01,7,50291.272921,40049.633135,10241.639786000007,20.512373795459848,0.9485755007981023,False
2022-02-01,7,44402.966753,34919.182561,9483.784192,22.497345910990397,1.0852625927512405,False
2022-03-01,7,59466.331607,42289.418857,17176.912750000003,29.553999548372477,1.5711905597325213,False
2022-04-01,7,53919.824931,42183.795348,11736.029583000003,25.938214099779433,1.3222040907399546,False
2022-05-01,7,51531.592578,45700.141212,5831.451366000001,40.851065087475334,2.3491173749569523,False
2022-06-01,7,59387.221331,47640.881925,11746.339406,40.61806581286367,2.3330728204643836,False
2022-07-01,7,53842.455286,46227.239501,7615.215785,36.63125997402379,2.0585375300040636,False
2022-08-01,7,58360.891512,47260.091423,11100.800089000004,48.62778909812406,2.8846300814685017,False
2022-09-01,7,64417.896139,47712.213444,16705.682694999996,38.7000157917063,2.2009940483942874,False
2022-10-01,7,56816.938773,49220.583448,7596.355325000004,17.73210401470915,0.7571234455260677,False
2022-11-01,7,59673.540121,47211.430585,12462.109535999996,28.666609796092835,1.510084046588532,False
2022-12-01,7,60241.396203,43362.904176,16878.492027,6.58494724474894,-0.01048050745155226,False
2023-01-01,7,52273.278855,39807.988649,12465.290205999998,3.941053425140839,-0.19254158267150012,False
2023-02-01,7,49850.965756,36458.531776,13392.433979999994,12.269448195444998,0.38095970376159893,False
2023-03-01,7,57829.531733,42659.980001,15169.551732,-2.752481664443751,-0.6534648566677514,False
2023-04-01,7,49009.139251,38231.108283,10778.030968,-9.107384317890677,-1.091069574914774,False
2023-05-01,7,52997.650244,40516.212368,12481.437875999996,2.8449686738885704,-0.2680190344758077,False
2023-06-01,7,60366.373877,38500.722442,21865.651435,1.648759655789589,-0.3503911397425692,False
2023-07-01,7,56195.105044,40679.147508,15515.957536000002,4.369506824128311,-0.16303786889797842,False
2023-08-01,7,49700.967139,41985.748739,7715.218399999998,-14.838574512213153,-1.4857248524187083,False
2023-09-01,7,60747.670128,43187.347784,17560.322344,-5.697525425357631,-0.8562634069367848,False
2023-10-01,7,56327.672615,45980.983411,10346.689204000002,-0.8611272774739942,-0.523224371683101,False
2023-11-01,7,51934.685154,47284.567973,4650.117181000001,-12.968654032101878,-1.3569603269071193,False
2023-12-01,7,52972.611645,45262.655639,7709.956006,-12.066095768275066,-1.2948092954465156,False
2024-01-01,7,50937.129034,45939.338748,4997.790285999996,-2.556085729204638,-0.6399408433835266,False
2024-02-01,7,46570.816926,41182.46902,5388.347906000003,-6.579910299140401,-0.9170252793263961,False
2024-03-01,7,58259.303991,49348.418434,8910.885557000001,0.7431709113334461,-0.41275085301850045,False
2024-04-01,7,50958.598903,46595.454738,4363.144164999998,3.9777471749010918,-0.1900148157167691,False
2024-05-01,7,57168.604751,51039.325001,6129.2797500000015,7.870074404802896,0.07801458672301728,False
2024-06-01,7,60214.059389,44528.799173,15685.260216000002,-0.2523167754126643,-0.4813010940580897,False
2024-07-01,7,59275.334549,43708.855295,15566.479253999998,5.481312834255259,-0.08647783606363556,False
2024-08-01,7,58094.871085,58466.832406,-371.9613210000025,16.888814099984305,0.6990536896764546,False
2024-09-01,7,61503.868007,53481.292468,8022.575538999998,1.2448179122040992,-0.3782069573136,False
2024-10-01,7,60324.497019,56144.996734,4179.500285000002,7.095667579447706,0.02468818676088463,False
2024-11-01,7,58890.577186,52814.089224,6076.487961999999,13.393538463502686,0.458365642430194,False
2024-12-01,7,66711.814117,58421.482388,8290.331729000005,25.936426476523987,1.3220809932806084,False
2025-01-01,7,57739.945113,60459.697195,-2719.752081999999,13.355319013875322,0.4557338143129423,False
2025-02-01,7,54604.888905,50785.444269,3819.444636,17.251301371341544,0.7240149123577142,False
2025-03-01,7,70866.731552,54860.380356,16006.351195999996,21.64019598131075,1.0262384229208081,False
2025-04-01,7,68675.974815,70849.400004,-2173.4251890000014,34.76817709553814,1.9302438483269189,False
2025-05-01,7,61628.291364,65085.600169,-3457.3088050000006,7.80093660222132,0.07325369103840465,False
2025-06-01,7,61853.037045,54332.144435,7520.892609999995,2.7219185562822323,-0.2764923841055109,False
2025-07-01,7,71901.68039,64316.533228,7585.147161999994,21.30118022457117,1.0028934713456872,False
2025-08-01,7,63962.705051,58673.59562,5289.109430999997,10.100433749847948,0.23159927967636385,False
2025-09-01,7,72740.274669,60084.565319,12655.709350000005,18.269430892901163,0.7941242919529171,False
2025-10-01,7,75336.725517,67022.386697,8314.338820000004,24.885791411193537,1.249733250629508,False
2025-11-01,7,66744.143046,72030.088485,-5285.945439000003,13.33586158477491,0.4543939570021968,False
2025-12-01,7,82065.193715,68443.900196,13621.293518999999,23.01448371809085,1.1208732002950603,False
2026-01-01,7,78636.345857,63958.266118,14678.079738999993,36.19054486994173,2.028189463406312,False
2026-02-01,7,67963.19849,62220.455264,5742.743225999999,24.463577992513443,1.2206592279107809,False
2026-03-01,7,80492.049894,68501.913346,11990.136547999995,13.582280614899279,0.47136260878631014,False
2026-04-01,7,97933.425471,77516.362146,20417.063324999996,42.602162888570575,2.46969965633236,False
2026-05-01,7,100313.198539,78233.420675,22079.777864000003,62.77134465161838,3.858568941041889,True
2026-06-01,7,94565.746678,89162.460846,5403.285831999994,52.88779855579362,3.1779784362921575,True
2026-07-01,7,107293.450991,97206.440466,10087.010525000005,49.22245267291731,2.9255791880544253,False
2000-01-01,8,2026.711654,1080.749181,945.962473,,,False
2000-02-01,8,1922.449106,1073.374511,849.074595,,,False
2000-03-01,8,2368.704586,1336.696858,1032.0077279999998,,,False
2000-04-01,8,2333.513182,1379.04914,954.4640420000001,,,False
2000-05-01,8,2480.702004,1379.298437,1101.4035670000003,,,False
2000-06-01,8,2505.145689,1487.825601,1017.3200879999999,,,False
2000-07-01,8,2722.661037,1666.909273,1055.7517639999999,,,False
2000-08-01,8,2809.204982,1825.761523,983.4434590000003,,,False
2000-09-01,8,2907.182376,1757.039854,1150.142522,,,False
2000-10-01,8,2755.527683,1601.335529,1154.1921539999998,,,False
2000-11-01,8,2636.361626,1626.745808,1009.615818,,,False
2000-12-01,8,2456.888764,1444.135852,1012.7529119999997,,,False
2001-01-01,8,2204.176351,1543.830955,660.3453960000002,8.756287390450868,-0.04385659527448106,False
2001-02-01,8,2339.127998,1330.924798,1008.2031999999999,21.67437830731316,0.6997036076434217,False
2001-03-01,8,2350.768324,1398.542026,952.226298,-0.7572181903142461,-0.5914502130636721,False
2001-04-01,8,2276.885363,1343.330641,933.5547219999999,-2.4267194818872184,-0.6875460469700044,False
2001-05-01,8,2450.464823,1291.827084,1158.6377389999998,-1.2188961411424892,-0.6180242132785545,False
2001-06-01,8,2479.546764,1224.415648,1255.1311160000002,-1.0218537433732355,-0.6066825308107923,False
2001-07-01,8,2539.374599,1323.074145,1216.3004540000002,-6.731886030218293,-0.9353497304147372,False
2001-08-01,8,2620.7631,1244.485014,1376.278086,-6.708014659216499,-0.9339757037431295,False
2001-09-01,8,2382.496968,1222.023311,1160.473657,-18.04790137459199,-1.5866950971439213,False
2001-10-01,8,2816.113737,1284.137203,1531.9765340000001,2.198709683585509,-0.42130817397501674,False
2001-11-01,8,2375.489585,1408.509779,966.9798059999998,-9.895153928325318,-1.1174261792752977,False
2001-12-01,8,2336.21897,1115.224029,1220.994941,-4.911487885334309,-0.8305683333249819,False
2002-01-01,8,2297.224384,1179.250674,1117.9737100000002,4.221442306909129,-0.3048804843476017,False
2002-02-01,8,1907.790863,1057.738977,850.051886,-18.440082602097952,-1.6092688934565231,False
2002-03-01,8,2509.053308,1387.132032,1121.921276,6.733329796220278,-0.16029723413830532,False
2002-04-01,8,2364.644217,1465.850615,898.793602,3.8543378347502655,-0.3260108725425173,False
2002-05-01,8,2572.360349,1459.568221,1112.792128,4.974383833462603,-0.26154146793468713,False
2002-06-01,8,2360.705022,1376.28581,984.419212,-4.792881655850878,-0.823741405675254,False
2002-07-01,8,2657.804732,1524.272698,1133.532034,4.663751974467933,-0.2794213148558252,False
2002-08-01,8,2850.06583,1586.660812,1263.405018,8.749464230475468,-0.04424933366349702,False
2002-09-01,8,2812.670599,1533.207934,1279.462665,18.055579368107733,0.4914069722603776,False
2002-10-01,8,2857.260674,1522.351513,1334.909161,1.461124828141136,-0.463763266473824,False
2002-11-01,8,2804.782175,1538.437789,1266.3443859999998,18.071752143674424,0.4923378708242217,False
2002-12-01,8,2458.474537,1556.036195,902.4383420000001,5.233052576402986,-0.2466525974175886,False
2003-01-01,8,2654.894774,1366.554542,1288.3402319999998,15.569675844081576,0.3483193488139105,False
2003-02-01,8,2015.173633,1179.026783,836.1468500000001,5.628644736831423,-0.22388246915529686,False
2003-03-01,8,2764.050136,1401.359771,1362.690365,10.163069361139287,0.03711721845065104,False
2003-04-01,8,2788.919332,1356.42206,1432.4972719999998,17.942450367365346,0.48489531173025185,False
2003-05-01,8,2761.586814,1317.922665,1443.6641489999997,7.356141415939699,-0.12444844368477882,False
2003-06-01,8,2793.80099,1473.955324,1319.8456660000002,18.346043404994283,0.5081259673191441,False
2003-07-01,8,2923.902723,1583.569947,1340.3327760000002,10.011946618808265,0.028418653184595567,False
2003-08-01,8,3042.690135,1507.72423,1534.9659049999998,6.758591432254746,-0.15884318436139064,False
2003-09-01,8,2802.798021,1683.832236,1118.965785,-0.35100370457564756,-0.5680686679586041,False
2003-10-01,8,3186.892259,1783.746563,1403.1456960000003,11.536629751689231,0.11617881116510936,False
2003-11-01,8,2754.935915,1557.090963,1197.844952,-1.7771882766618008,-0.6501592877447311,False
2003-12-01,8,3147.325496,1916.25051,1231.0749859999999,28.019446556505056,1.0649232260267099,False
2004-01-01,8,2932.501389,1599.158813,1333.342576,10.456407452327898,0.05400164293809938,False
2004-02-01,8,2807.37179,1615.898869,1191.472921,39.31165751809933,1.7148984218998662,False
2004-03-01,8,3289.912894,2123.678459,1166.2344349999998,19.025080303391427,0.5472110625712497,False
2004-04-01,8,3505.942192,2028.205183,1477.737009,25.709702384464663,0.9319752651938141,False
2004-05-01,8,3376.664383,1938.910158,1437.754225,22.272613914646257,0.7341378125459955,False
2004-06-01,8,3655.2645,2080.054741,1575.2097590000003,30.834820127971962,1.2269750150690883,False
2004-07-01,8,3865.204983,2188.706947,1676.498036,32.19335077721735,1.3051715018196592,False
2004-08-01,8,3626.340072,1994.752399,1631.587673,19.182036655204794,0.5562454080913963,False
2004-09-01,8,3777.826091,2232.657902,1545.168189,34.78766799086448,1.4544993743534296,False
2004-10-01,8,3730.347458,2120.739441,1609.608017,17.052826227973217,0.4336888981925039,False
2004-11-01,8,3117.666577,1804.244461,1313.422116,13.166573495412859,0.20999772826577048,False
2004-12-01,8,3671.329336,2018.851652,1652.4776839999997,16.64917850619414,0.41045509500556204,False
2005-01-01,8,3356.282447,1617.359596,1738.922851,14.451180128665243,0.2839391778993231,False
2005-02-01,8,3037.587897,1514.25802,1523.329877,8.200413918100956,-0.07585245244542389,False
2005-03-01,8,3882.694922,1790.991798,2091.703124,18.018167869462133,0.48925358119792006,False
2005-04-01,8,3746.145164,1781.044034,1965.10113,6.851310114242759,-0.1535063337046658,False
2005-05-01,8,3736.816208,1813.673428,1923.1427800000001,10.665905288461719,0.06606025551088979,False
2005-06-01,8,3686.800766,1871.606154,1815.1946119999998,0.8627628999214654,-0.4982047423566577,False
2005-07-01,8,3881.523911,1952.563827,1928.9600840000003,0.4222008424332957,-0.5235633201041039,False
2005-08-01,8,3967.314638,1914.532465,2052.7821729999996,9.402718973677104,-0.006648249065303778,False
2005-09-01,8,4190.680431,2058.178681,2132.50175,10.928357474780315,0.08116689953214913,False
2005-10-01,8,4246.846585,2174.43132,2072.415265,13.845871807258337,0.24909787037254996,False
2005-11-01,8,3433.224599,1955.13723,1478.087369,10.121609036962775,0.03473077859230567,False
2005-12-01,8,4068.011127,2157.737739,1910.273388,10.804854446324196,0.07405811407067381,False
2006-01-01,8,3681.03462,1854.344317,1826.6903029999999,9.675948854968341,0.009078754815041579,False
2006-02-01,8,3436.426219,1846.967213,1589.459006,13.13009978719968,0.20789831604962333,False
2006-03-01,8,4260.780836,2222.942842,2037.837994,9.737718816322705,0.01263420935507181,False
2006-04-01,8,3557.554151,2228.613089,1328.9410619999999,-5.034268688045962,-0.8376355477583105,False
2006-05-01,8,3962.703953,2288.257088,1674.4468650000003,6.044925209765628,-0.1999215298092452,False
2006-06-01,8,4155.250351,2273.97806,1881.2722909999998,12.706126930429296,0.18349460613298488,False
2006-07-01,8,4395.730724,2224.540111,2171.190613,13.247549797201286,0.2146586921633654,False
2006-08-01,8,4731.417422,2311.757493,2419.6599290000004,19.259949202950022,0.5607300235182526,False
2006-09-01,8,4625.869459,2263.860459,2362.0089999999996,10.384686572155367,0.04987341744737098,False
2006-10-01,8,4054.452094,2137.54429,1916.9078040000004,-4.5302905850082675,-0.8086267675157336,False
2006-11-01,8,4436.419627,2152.829723,2283.5899040000004,29.22019806954086,1.1340380081127726,False
2006-12-01,8,4635.875065,2410.4241,2225.450965,13.959252329252546,0.25562400836643157,False
2007-01-01,8,4202.779524,1877.589912,2325.1896119999997,14.173865716046974,0.26797707001159016,False
2007-02-01,8,3517.655127,1579.729857,1937.92527,2.3637611525277435,-0.41180787671527314,False
2007-03-01,8,4328.305323,2000.968498,2327.3368249999994,1.5847913703862737,-0.456645069223337,False
2007-04-01,8,4131.313619,2130.814467,2000.4991519999994,16.1279194538394,0.3804516301564521,False
2007-05-01,8,4303.053568,1992.313257,2310.7403110000005,8.588822658385453,-0.053495799004934244,False
2007-06-01,8,4393.382709,1869.32409,2524.0586190000004,5.730878716915133,-0.21799792170433244,False
2007-07-01,8,4424.152128,2046.406267,2377.7458609999994,0.6465683588128712,-0.5106488146186522,False
2007-08-01,8,4860.573608,2258.228112,2602.345496,2.729756740537259,-0.3907413154533314,False
2007-09-01,8,4722.343751,2115.641627,2606.7021240000004,2.0855385750737643,-0.4278222582116894,False
2007-10-01,8,4370.823331,2347.766832,2023.0564989999998,7.803057716927597,-0.09872411819515796,False
2007-11-01,8,4484.143919,2182.894415,2301.249504,1.0757389068777545,-0.48594592764725264,False
2007-12-01,8,4199.206159,2294.908997,1904.2971620000003,-9.419341545607418,-1.0900386067522745,False
2008-01-01,8,4262.390323,2095.140284,2167.2500389999996,1.4183660755838323,-0.46622444335612356,False
2008-02-01,8,3770.232761,1882.924159,1887.3086020000003,7.180284163200756,-0.13457071758521005,False
2008-03-01,8,4233.012723,2154.587528,2078.425195,-2.20161455555431,-0.6745890964593502,False
2008-04-01,8,4477.190493,2316.196808,2160.993685,8.372079824908596,-0.06597143075874745,False
2008-05-01,8,4604.964143,2515.414342,2089.549801,7.016193738446153,-0.1440156975216923,False
2008-06-01,8,4702.488845,2422.997065,2279.49178,7.035720684355229,-0.14289173423981394,False
2008-07-01,8,5331.47639,2671.464403,2660.011987,20.50843270640805,0.6325922400907606,False
2008-08-01,8,4845.502548,2448.835758,2396.66679,-0.3100675190926827,-0.5657123973161157,False
2008-09-01,8,5082.448756,3234.00818,1848.440576,7.625556799496946,-0.108941000785028,False
2008-10-01,8,4969.343003,2363.021136,2606.321867,13.693522402404334,0.24032869889692607,False
2008-11-01,8,5118.535119,2345.687197,2772.847922,14.147431738575289,0.2664555407253148,False
2008-12-01,8,4448.500794,2178.579555,2269.921239,5.936708643506239,-0.20615043255383547,False
2009-01-01,8,3833.272994,1757.612262,2075.660732,-10.067527759822193,-1.1273479488270393,False
2009-02-01,8,3493.16385,1518.441841,1974.7220089999998,-7.348854263483506,-0.97086217785554,False
2009-03-01,8,4080.439845,1869.355117,2211.084728,-3.6043567072453597,-0.7553303798011023,False
2009-04-01,8,4283.184854,1975.744969,2307.439885,-4.333200459156783,-0.7972823378384387,False
2009-05-01,8,4234.758049,2059.026074,2175.731975,-8.039282880470411,-1.0106029759232318,False
2009-06-01,8,4167.620056,2152.558192,2015.0618639999998,-11.374163908303759,-1.2025574086425461,False
2009-07-01,8,4889.553276,2485.155877,2404.3973989999995,-8.288944406260423,-1.0249733945843127,False
2009-08-01,8,4664.242009,2270.592616,2393.6493929999997,-3.7407995807332006,-0.7631839776237412,False
2009-09-01,8,4198.586095,2317.986192,1880.5999029999998,-17.39048839315046,-1.5488546659975935,False
2009-10-01,8,5073.083983,2555.460026,2517.6239570000002,2.087619629745263,-0.4277024735280406,False
2009-11-01,8,4396.143085,2237.869842,2158.2732429999996,-14.113257352059216,-1.360218543709445,False
2009-12-01,8,4888.148947,2617.841857,2270.30709,9.883063381555068,0.021000185033112687,False
2010-01-01,8,5063.353097,2288.100277,2775.25282,32.08955127707767,1.299196843653576,False
2010-02-01,8,4216.940603,2030.67283,2186.267773,20.719805427964676,0.6447587703268033,False
2010-03-01,8,5353.448832,2665.434261,2688.014571,31.19783737431865,1.2478701441631173,False
2010-04-01,8,5205.918877,2491.922507,2713.99637,21.54317533454744,0.6921516164335002,False
2010-05-01,8,4955.832561,2443.981682,2511.850879,17.0275256261754,0.43223260556166526,False
2010-06-01,8,5093.581216,2823.831636,2269.7495799999997,22.217984066635843,0.7309933401054916,False
2010-07-01,8,5752.933093,2852.476567,2900.4565259999995,17.65764208435634,0.46850185962732194,False
2010-08-01,8,5213.975432,2806.284887,2407.6905450000004,11.786125632830569,0.13053969538573953,False
2010-09-01,8,4736.207045,2823.433097,1912.773948,12.804809472413602,0.18917473421185801,False
2010-10-01,8,5611.57853,3049.28645,2562.2920799999997,10.614737481273817,0.06311505677058385,False
2010-11-01,8,4961.604032,2787.082225,2174.521807,12.862660201607156,0.19250459929911778,False
2010-12-01,8,5241.311792,3012.661895,2228.6498970000002,7.2248789639838495,-0.13200385849335483,False
2011-01-01,8,5140.823952,2782.645384,2358.178568,1.530030663788784,-0.45979707383234675,False
2011-02-01,8,4273.144206,2245.723664,2027.4205419999998,1.3328051848777722,-0.47114929437820374,False
2011-03-01,8,5569.687524,2925.594824,2644.0927,4.03924084802012,-0.3153679282443316,False
2011-04-01,8,5595.219695,2803.828602,2791.3910929999997,7.478042343685942,-0.11743187450639024,False
2011-05-01,8,5299.101621,2846.273467,2452.828154,6.926566944601009,-0.14917458032003098,False
2011-06-01,8,5582.9686,3184.039346,2398.929254,9.607923448098422,0.0051632393057223416,False
2011-07-01,8,5833.069738,3268.489895,2564.579843,1.3929702241367803,-0.46768621851909237,False
2011-08-01,8,5700.332456,3254.942166,2445.3902900000003,9.327950051606603,-0.010951918641906968,False
2011-09-01,8,5423.500627,3245.052033,2178.4485940000004,14.511476704245307,0.28740982493704015,False
2011-10-01,8,5807.932343,3109.775265,2698.157078,3.499083403186387,-0.3464591770885332,False
2011-11-01,8,4991.021557,3129.220984,1861.800573,0.5929035209232936,-0.5137377414583483,False
2011-12-01,8,5490.543423,3216.382119,2274.161304,4.755138425086836,-0.2741611469096902,False
2012-01-01,8,4910.850953,2742.485827,2168.365126,-4.473465754658457,-0.8053559527600852,False
2012-02-01,8,5107.578003,2745.74514,2361.8328629999996,19.527396146106078,0.5761241637672045,False
2012-03-01,8,5841.506079,2930.636435,2910.869644,4.8803196557925865,-0.2669557647906046,False
2012-04-01,8,5690.922127,3113.912448,2577.009679,1.7104320691021524,-0.4494132403073491,False
2012-05-01,8,5822.857319,3257.481084,2565.3762349999997,9.883858349203756,0.02104594305649055,False
2012-06-01,8,6211.957063,3402.741147,2809.2159159999997,11.266200977737896,0.10061303791516109,False
2012-07-01,8,6297.128486,3373.312024,2923.816462,7.955652321055773,-0.08994083314631092,False
2012-08-01,8,5721.750073,3100.616935,2621.133138,0.37572575223145943,-0.52623840791108,False
2012-09-01,8,6031.434867,3034.021506,2997.413361,11.209259144794782,0.09733548853652713,False
2012-10-01,8,6006.343653,3336.751035,2669.592618,3.4162124880661615,-0.35122919418001797,False
2012-11-01,8,5629.729267,3186.398718,2443.330549,12.797133867398358,0.18873292942356668,False
2012-12-01,8,5432.337494,3190.12442,2242.2130740000002,-1.0601123516512767,-0.6088846811685857,False
2013-01-01,8,5413.883393,2877.518597,2536.364796,10.243284612266667,0.041734376573259443,False
2013-02-01,8,4475.098356,2424.169508,2050.9288480000005,-12.383161777040009,-1.2606349268183887,False
2013-03-01,8,5754.692671,2913.446634,2841.246037,-1.4861476959185382,-0.6334071070496468,False
2013-04-01,8,5668.693354,3049.13175,2619.561604,-0.3906005477484542,-0.5703478465875491,False
2013-05-01,8,5508.738768,2934.903092,2573.835676,-5.394577503642928,-0.8583747806498114,False
2013-06-01,8,5579.350115,3061.054238,2518.295877,-10.183698013110366,-1.1340346626506137,False
2013-07-01,8,5649.062201,3420.561348,2228.5008529999996,-10.291457232305234,-1.1402372406790917,False
2013-08-01,8,5634.140196,2915.575432,2718.564764,-1.5311727335560632,-0.635998730404646,False
2013-09-01,8,5811.045806,3121.220997,2689.824809,-3.654007145228777,-0.7581882393702529,False
2013-10-01,8,6175.763154,3482.96632,2692.796834,2.8206761182467455,-0.3855080320390933,False
2013-11-01,8,5724.043135,3379.7674,2344.2757349999997,1.67528247855262,-0.4514364368345833,False
2013-12-01,8,5924.142482,3505.552919,2418.589563,9.053284862054255,-0.026761538297969425,False
2014-01-01,8,6105.058183,3211.391081,2893.667102,12.766709953407386,0.18698174096961678,False
2014-02-01,8,5128.596913,2835.908909,2292.688004,14.602998750269247,0.2926777977010491,False
2014-03-01,8,6061.296543,3490.295284,2571.0012590000006,5.327893069687106,-0.24119361614202536,False
2014-04-01,8,6199.89556,3683.70326,2516.1923,9.370805101411372,-0.008485198928137445,False
2014-05-01,8,6454.168159,3582.751317,2871.4168419999996,17.16235659044052,0.43999342252709817,False
2014-06-01,8,6055.099672,3451.340566,2603.7591060000004,8.526970833412207,-0.05705596558248301,False
2014-07-01,8,5916.54176,3518.436017,2398.105743,4.7349374016921075,-0.2753239098249849,False
2014-08-01,8,6342.207796,3427.450034,2914.7577619999997,12.567447301057522,0.1755122615265032,False
2014-09-01,8,6200.700821,3369.953109,2830.7477120000003,6.705419781714239,-0.1619037235323738,False
2014-10-01,8,6303.646948,3625.355872,2678.2910759999995,2.0707366978147457,-0.4286742484112564,False
2014-11-01,8,6340.898754,3516.443696,2824.455058,10.776571812119995,0.0724301768341834,False
2014-12-01,8,6608.836435,4061.00148,2547.8349550000003,11.557688814547994,0.11739096249252284,False
2015-01-01,8,6878.414631,3595.473247,3282.9413839999997,12.667470559960758,0.18126956074085687,False
2015-02-01,8,5500.74223,2877.526241,2623.215989,7.256279316018843,-0.13019646665185938,False
2015-03-01,8,6908.376301,3686.28688,3222.089421,13.975223815410676,0.25654332079154674,False
2015-04-01,8,6746.273655,3901.31527,2844.958385,8.812698370680305,-0.04060960156804677,False
2015-05-01,8,6406.5929,4316.426243,2090.1666569999998,-0.7371245655206415,-0.5902936319693722,False
2015-06-01,8,6825.645727,4556.013806,2269.631921,12.725571778168398,0.18461384387667668,False
2015-07-01,8,6832.453283,4167.238034,2665.215249,15.48052156400228,0.3431876637210127,False
2015-08-01,8,7355.169642,3965.104826,3390.064816,15.971754294125628,0.3714628253405712,False
2015-09-01,8,7323.0589,4611.456737,2711.6021629999996,18.100503659181456,0.4939927966830187,False
2015-10-01,8,8220.405084,4768.670977,3451.734107,30.407130218613254,1.202357353075892,False
2015-11-01,8,7254.171508,4745.486194,2508.6853140000003,14.402891284518372,0.28115969113277234,False
2015-12-01,8,8233.98202,5256.302674,2977.679346,24.590494877333114,0.8675541238296759,False
2016-01-01,8,7821.516341,4511.453702,3310.0626389999998,13.711033146352936,0.2413366103915472,False
2016-02-01,8,6493.149661,3662.628472,2830.5211890000005,18.041336777927896,0.4905871744038404,False
2016-03-01,8,7482.288818,4321.211689,3161.0771290000002,8.307487779971169,-0.0696893233134332,False
2016-04-01,8,7076.342611,4384.543022,2691.799589,4.89261143083588,-0.26624825508160554,False
2016-05-01,8,6814.963504,4740.45566,2074.5078440000007,6.374224340054457,-0.18096720213698542,False
2016-06-01,8,7525.586534,4941.634474,2583.9520599999996,10.254572753919323,0.042384117541319904,False
2016-07-01,8,6959.428718,4042.001177,2917.427541,1.8584164390253566,-0.4408953185155815,False
2016-08-01,8,7410.627582,4595.823956,2814.803626,0.7539994683918749,-0.5044651224498667,False
2016-09-01,8,7400.746883,4587.740629,2813.006254,1.0608679250142306,-0.48680189548051794,False
2016-10-01,8,7704.952831,4609.441445,3095.511385999999,-6.270399666839587,-0.9087867578976602,False
2016-11-01,8,7741.142429,5029.599497,2711.5429320000003,6.712977773725948,-0.16146868850203955,False
2016-12-01,8,8598.700736,5132.28801,3466.4127260000005,4.429432990187676,-0.29290862289694747,False
2017-01-01,8,7719.745507,5001.577949,2718.167557999999,-1.3011650115275275,-0.6227595769132444,False
2017-02-01,8,8012.51588,4118.514066,3894.001814,23.399525628152617,0.7990024049813672,False
2017-03-01,8,9275.49165,5199.407441,4076.0842089999996,23.96596650594569,0.8316065178292674,False
2017-04-01,8,8407.665004,4693.292577,3714.3724270000002,18.81370739356929,0.5350445214987186,False
2017-05-01,8,8646.163898,5454.387331,3191.776567000001,26.870289076752773,0.9987781760864067,False
2017-06-01,8,7771.631182,4735.613317,3036.017865,3.269441483243729,-0.35967727515657916,False
2017-07-01,8,9041.715664,5057.763277,3983.9523869999994,29.920371777274358,1.174339729748786,False
2017-08-01,8,9527.652321,5090.380531,4437.27179,28.567415047844726,1.096464075617828,False
2017-09-01,8,8995.894598,4935.661539,4060.233059000001,21.55387476720978,0.692767471544965,False
2017-10-01,8,9056.207923,5201.296722,3854.911201,17.53748688198815,0.46158577371110415,False
2017-11-01,8,9239.55959,5420.143887,3819.4157030000006,19.356537807476638,0.5662896253854001,False
2017-12-01,8,8951.320469,4997.537469,3953.7830000000004,4.100848998310802,-0.31182178748511613,False
2018-01-01,8,9078.575181,4901.372171,4177.20301,17.60200090492441,0.46529917535026727,False
2018-02-01,8,8200.021492,4316.477115,3883.544377,2.3401590063369726,-0.4131664069132608,False
2018-03-01,8,9459.62825,4403.210009,5056.418240999999,1.9851950381519545,-0.43359799250209363,False
2018-04-01,8,8729.835885,4730.622634,3999.213251,3.831871046797475,-0.3273040519694623,False
2018-05-01,8,9111.553595,4764.61767,4346.935925,5.382614792991047,-0.2380438553959709,False
2018-06-01,8,9188.647596,5319.650819,3868.9967770000003,18.23319173048221,0.501630269577128,False
2018-07-01,8,9632.023149,5377.255608,4254.767541,6.528710998404175,-0.17207501119562257,False
2018-08-01,8,9804.357183,5729.951099,4074.406084,2.904229212794762,-0.38069874896960765,False
2018-09-01,8,9808.574899,4734.541411,5074.033487999999,9.033901988810289,-0.027877208814237643,False
2018-10-01,8,9910.533345,5121.568584,4788.964761,9.433588862621779,-0.004871390469441603,False
2018-11-01,8,9471.508756,5169.456705,4302.052051,2.5103920131760216,-0.4033678623819367,False
2018-12-01,8,9688.925553,5206.088228,4482.8373249999995,8.240181843052707,-0.07356342641696105,False
2019-01-01,8,9627.467857,4974.498434,4652.969423,6.046022256319961,-0.19985838424355754,False
2019-02-01,8,7656.332652,3703.377456,3952.955196,-6.630334329372511,-0.9295044546868058,False
2019-03-01,8,10000.107464,4596.279293,5403.828171000001,5.713535455264851,-0.21899619298411643,False
2019-04-01,8,9688.613709,5112.472841,4576.1408679999995,10.982770313556678,0.0842988810069876,False
2019-05-01,8,9955.4126,5236.551198,4718.8614019999995,9.26141734449184,-0.014781514943815272,False
2019-06-01,8,8623.839264,4486.52177,4137.317494,-6.146805893893159,-0.9016727492192202,False
2019-07-01,8,10392.388016,5181.119268,5211.268748,7.8941345472050894,-0.09348177187339198,False
2019-08-01,8,9800.998561,5058.256071,4742.7424900000005,-0.03425642229583081,-0.5498368196923682,False
2019-09-01,8,10381.707072,4866.872261,5514.834810999999,5.843174761895642,-0.21153420577835208,False
2019-10-01,8,11233.980259,5055.736784,6178.243475,13.353942395720786,0.22078260804638952,False
2019-11-01,8,10808.602965,5518.093573,5290.509392,14.11701391452529,0.2647047028059582,False
2019-12-01,8,11098.959003,5541.085416,5557.873587,14.553042463654897,0.2898023336056924,False
2020-01-01,8,10091.934468,4927.377454,5164.557013999999,4.824390150129587,-0.2701750450114609,False
2020-02-01,8,10745.144872,4126.244253,6618.900619000001,40.34323429237543,1.7742755729466122,False
2020-03-01,8,9901.760964,4066.66323,5835.097733999999,-0.9834544314053173,-0.6044722816042702,False
2020-04-01,8,7400.777361,3446.210178,3954.5671830000006,-23.613660495874345,-1.907057990410977,False
2020-05-01,8,9138.674924,3897.792918,5240.882006000001,-8.203956067074492,-1.0200814994012357,False
2020-06-01,8,12657.953851,4836.318952,7821.634899000001,46.778638417349796,2.1446948886040467,False
2020-07-01,8,13449.647438,4853.331854,8596.315584,29.418257067510154,1.1454382056858934,False
2020-08-01,8,13473.419232,5051.304083,8422.115149000001,37.469862362935615,1.6088854213628347,False
2020-09-01,8,13888.024883,5101.948849,8786.076034,33.77400062131133,1.39615308155777,False
2020-10-01,8,14934.081111,5057.738272,9876.342839,32.93668643431786,1.3479576081868392,False
2020-11-01,8,14063.941766,5015.659817,9048.281949,30.118034787116454,1.1857171344019537,False
2020-12-01,8,14904.51255,5508.030579,9396.481971,34.287481789700955,1.4257088544826946,False
2021-01-01,8,14756.120004,4935.298877,9820.821127,46.216962176968444,2.112365026400726,False
2021-02-01,8,14674.039699,4625.588431,10048.451268,36.56437278233469,1.5567657993053048,False
2021-03-01,8,17467.642076,5424.356137,12043.285939000001,76.4094501928233,3.8502326927724617,True
2021-04-01,8,17165.963142,5767.616184,11398.346958,131.94810902513785,7.047015924669282,True
2021-05-01,8,14980.910254,5670.65106,9310.259194,63.92869183536787,3.13184517897,True
2021-06-01,8,16308.090035,5428.653142,10879.436892999998,28.8367000462056,1.1119640135972546,False
2021-07-01,8,12598.020353,5294.466553,7303.5538,-6.331965866955391,-0.9123304840214047,False
2021-08-01,8,12400.660592,5032.101761,7368.558831,-7.962037115657683,-1.0061567402581983,False
2021-09-01,8,13800.373375,5365.311939,8435.061436,-0.631130119210066,-0.5841926335699892,False
2021-10-01,8,13159.229711,5394.629197,7764.600514,-11.884570512294168,-1.231936210856916,False
2021-11-01,8,13846.893756,6021.356881,7825.536875,-1.543294288410102,-0.6366964423068888,False
2021-12-01,8,14897.526269,6321.117325,8576.408943999999,-0.04687359601035501,-0.550563059220159,False
2022-01-01,8,12597.742312,6104.489317,6493.252995000001,-14.627000128861244,-1.389789374711098,False
2022-02-01,8,11187.750453,5333.364038,5854.386415000001,-23.758210537195033,-1.9153782336069667,False
2022-03-01,8,14018.471857,7003.254752,7015.217105000001,-19.746055042764198,-1.684440150512736,False
2022-04-01,8,14103.262747,6348.268265,7754.994482000001,-17.841704363831955,-1.574826478773875,False
2022-05-01,8,12175.682042,6610.006631,5565.675411,-18.72535222785269,-1.6256889002653951,False
2022-06-01,8,16091.502808,7189.627387,8901.875420999999,-1.3280968312976316,-0.6243097618052756,False
2022-07-01,8,13654.694641,7233.180164,6421.514477,8.387621692866777,-0.06507684698726901,False
2022-08-01,8,15062.058722,7902.630593,7159.428129,21.461744801861116,0.6874645071851112,False
2022-09-01,8,14876.777902,6756.37122,8120.406682,7.799821771126547,-0.09891037795536133,False
2022-10-01,8,12175.824543,6747.108619,5428.715924000001,-7.473121068613587,-0.9780149260002265,False
2022-11-01,8,13168.158731,7844.725913,5323.432817999999,-4.901713243130046,-0.830005708786447,False
2022-12-01,8,13623.197307,7722.618055,5900.579252,-8.553963517095642,-1.0402277897653012,False
2023-01-01,8,10412.981757,6392.161396,4020.820360999999,-17.342476936672245,-1.546091145555519,False
2023-02-01,8,10783.053535,5359.102261,5423.951273999999,-3.6173216385201212,-0.7560766361164913,False
2023-03-01,8,13402.011255,6839.353152,6562.658103,-4.39748788804093,-0.8009826968136005,False
2023-04-01,8,9527.065882,5524.219931,4002.845951000001,-32.44778848053039,-2.4155469025225402,False
2023-05-01,8,11859.112402,6260.134202,5598.9782000000005,-2.6000156616113435,-0.6975209065208354,False
2023-06-01,8,12249.123233,6206.819863,6042.3033700000005,-23.878314044662964,-1.9222913439851754,False
2023-07-01,8,12375.317873,6682.347715,5692.970158,-9.369501124972102,-1.0871698118568356,False
2023-08-01,8,12376.062887,6468.238199,5907.824688,-17.832859933528013,-1.5743173968643407,False
2023-09-01,8,12845.368289,6630.379415,6214.988874,-13.654903140866958,-1.3338358566331745,False
2023-10-01,8,12950.046707,6909.655832,6040.390874999999,6.358683646152796,-0.18186171833023504,False
2023-11-01,8,12292.081709,7589.615091,4702.466618,-6.652995607788137,-0.9308088289078531,False
2023-12-01,8,12708.830576,7473.847065,5234.983511,-6.711836512344805,-0.9341956880973111,False
2024-01-01,8,12695.682849,7639.220723,5056.462126,21.92168530848988,0.7139385007991857,False
2024-02-01,8,11909.877535,6249.666141,5660.211394,10.449952755427926,0.053630113137945086,False
2024-03-01,8,14243.760519,6566.148198,7677.612321,6.280768221903732,-0.1863464993275142,False
2024-04-01,8,12435.200414,7171.084496,5264.115918,30.52497555931144,1.2091404842681404,False
2024-05-01,8,14937.506446,7344.489904,7593.016541999999,25.958047614767853,0.9462699184073853,False
2024-06-01,8,13823.035985,12762.406392,1060.6295929999997,12.849187015767537,0.19172908805203556,False
2024-07-01,8,15209.571513,13727.069474,1482.5020390000009,22.90247142809696,0.7703921618554154,False
2024-08-01,8,16364.224682,7581.374519,8782.850163,32.224802276895545,1.3069818376992641,False
2024-09-01,8,13659.441966,6669.158278,6990.283688,6.337488024357563,-0.18308172993601052,False
2024-10-01,8,14770.014948,7193.957432,7576.057516,14.053758122866356,0.2610637244613752,False
2024-11-01,8,15437.090639,7895.657001,7541.433638,25.58564939978629,0.9248348244697426,False
2024-12-01,8,14861.991168,8174.497584,6687.493584000001,16.942240115043617,0.42732360527894325,False
2025-01-01,8,12950.559748,7546.398983,5404.160765,2.0075871619624985,-0.4323091107136401,False
2025-02-01,8,13737.035836,6716.527781,7020.508054999999,15.341537271315019,0.3351877828146131,False
2025-03-01,8,14782.858306,7377.340744,7405.517562,3.7847995708779836,-0.3300134675024227,False
2025-04-01,8,14031.479987,7901.084024,6130.395963000001,12.836782036925198,0.19101506237714566,False
2025-05-01,8,14349.880425,8201.066742,6148.8136829999985,-3.9338963509358393,-0.7742985513296166,False
2025-06-01,8,13691.852885,8683.833162,5008.019722999999,-0.9490180025744865,-0.6024901343834456,False
2025-07-01,8,14948.462748,9295.872053,5652.590695000001,-1.7167397830821551,-0.6466798963670554,False
2025-08-01,8,15772.745411,8453.683558,7319.061852999999,-3.614465594881522,-0.7559122433744734,False
2025-09-01,8,15293.348184,8446.050836,6847.297348,11.961734762422882,0.14064768741600564,False
2025-10-01,8,16755.711457,8681.817681,8073.893776000001,13.44410629231545,0.22597240626651854,False
2025-11-01,8,16591.789917,8858.18869,7733.601226999997,7.480031730090286,-0.11731736621193588,False
2025-12-01,8,16301.055258,11271.127113,5029.928145,9.682848507530473,0.009475896087090114,False
2026-01-01,8,16689.514641,8863.465125,7826.049516000001,28.870990642527406,1.1139377667565495,False
2026-02-01,8,18179.811305,8548.800443,9631.010862,32.34158753052845,1.3137039506993942,False
2026-03-01,8,17817.88007,8429.47061,9388.409459999999,20.530682911085997,0.6338729530700834,False
2026-04-01,8,21134.701443,11396.388753,9738.312690000002,50.62346568274374,2.366001625028147,False
2026-05-01,8,27024.510193,11428.649263,15595.860929999999,88.32568211452536,4.536126288253497,True
2026-06-01,8,25559.373161,12195.193684,13364.179477,86.67577993772755,4.441158571640425,True
2026-07-01,8,28398.140458,12380.308626,16017.831832000002,89.97365104849644,4.6309827281742315,True
2000-01-01,9,229.883181,774.363344,-544.480163,,,False
2000-02-01,9,217.203495,469.02647,-251.822975,,,False
2000-03-01,9,262.696514,822.460927,-559.764413,,,False
2000-04-01,9,240.322014,701.75767,-461.435656,,,False
2000-05-01,9,253.977343,791.103732,-537.126389,,,False
2000-06-01,9,263.364009,674.416345,-411.05233599999997,,,False
2000-07-01,9,267.044431,675.160928,-408.11649700000004,,,False
2000-08-01,9,273.941568,688.052532,-414.110964,,,False
2000-09-01,9,254.519214,671.968983,-417.44976899999995,,,False
2000-10-01,9,290.897109,682.825464,-391.928355,,,False
2000-11-01,9,273.239664,754.435176,-481.19551199999995,,,False
2000-12-01,9,260.539023,623.966698,-363.42767499999997,,,False
2001-01-01,9,234.8332,590.779483,-355.946283,2.1532758414370523,-0.27888748529095747,False
2001-02-01,9,260.367135,669.967341,-409.600206,19.87244266028041,0.14443439108652667,False
2001-03-01,9,274.454532,690.822255,-416.36772300000007,4.475894187160767,-0.22339869361848808,False
2001-04-01,9,302.1529,797.472713,-495.319813,25.728348797875846,0.28433561778648175,False
2001-05-01,9,359.042359,731.306084,-372.2637250000001,41.367869574098194,0.6579734613895173,False
2001-06-01,9,342.440676,861.479058,-519.038382,30.025616370382636,0.3870000032334966,False
2001-07-01,9,333.182065,824.0462,-490.864135,24.76652808386035,0.26135712486079976,False
2001-08-01,9,340.893403,739.759594,-398.866191,24.440188281319884,0.25356066473598304,False
2001-09-01,9,339.433494,782.229962,-442.796468,33.36262070964906,0.46672310493576274,False
2001-10-01,9,351.363339,911.803118,-560.439779,20.786122697424258,0.16626277340758835,False
2001-11-01,9,332.018071,941.46899,-609.4509189999999,21.511667134827107,0.1835964796578165,False
2001-12-01,9,296.919967,756.727842,-459.807875,13.96372166483484,0.003271384701651413,False
2002-01-01,9,334.08033,782.537099,-448.456769,42.26281888591561,0.6793543550745633,False
2002-02-01,9,290.625576,616.849479,-326.22390299999995,11.621451762719603,-0.052686894831643905,False
2002-03-01,9,376.64671,797.173079,-420.52636900000005,37.23464766834312,0.5592282285850004,False
2002-04-01,9,375.223368,793.310446,-418.08707799999996,24.18327542115266,0.24742285729032829,False
2002-05-01,9,371.974512,813.165156,-441.190644,3.601846042906609,-0.24428024545739566,False
2002-06-01,9,350.038461,739.986582,-389.948121,2.218715687852457,-0.2773240868051458,False
2002-07-01,9,385.844791,962.067996,-576.223205,15.80599063758128,0.04728433216742569,False
2002-08-01,9,393.338393,889.731778,-496.39338499999997,15.38457169850249,0.03721637254744359,False
2002-09-01,9,390.775915,837.11711,-446.341195,15.125914769035731,0.031036898205373212,False
2002-10-01,9,406.203603,990.474681,-584.271078,15.607850311326876,0.04255063697997127,False
2002-11-01,9,367.83771,848.73235,-480.89464,10.788460667853217,-0.07258756831644785,False
2002-12-01,9,367.631044,750.227654,-382.59661000000006,23.814860857774512,0.23862120505416462,False
2003-01-01,9,443.65812,645.919064,-202.26094400000005,32.79983290246391,0.4532777554463821,False
2003-02-01,9,299.298132,568.108026,-268.809894,2.984099376030125,-0.2590385961643822,False
2003-03-01,9,419.391613,765.979966,-346.588353,11.348805622117354,-0.05920058009725606,False
2003-04-01,9,402.882551,879.270264,-476.387713,7.37139137880134,-0.15422347128763167,False
2003-05-01,9,383.764635,840.40593,-456.641295,3.1696050722959113,-0.254606750117398,False
2003-06-01,9,369.768903,828.717581,-458.948678,5.636649739469646,-0.19566752412035854,False
2003-07-01,9,420.435172,765.068761,-344.633589,8.964843327378237,-0.11615491672830607,False
2003-08-01,9,449.904272,725.590342,-275.68607,14.380970687496553,0.013239722434212932,False
2003-09-01,9,461.76075,871.741135,-409.980385,18.16509981174248,0.1036449123456784,False
2003-10-01,9,469.424601,1000.055848,-530.631247,15.563869333773495,0.04149990416994917,False
2003-11-01,9,464.126328,923.405533,-459.279205,26.17692949425985,0.29505248862140454,False
2003-12-01,9,527.231188,894.897389,-367.666201,43.413130257846234,0.7068360066308986,False
2004-01-01,9,449.126831,766.68688,-317.560049,1.2326408000827183,-0.300882026972823,False
2004-02-01,9,448.089704,695.506528,-247.41682400000002,49.713498378934084,0.8573557055623121,False
2004-03-01,9,544.766737,1003.337127,-458.57039,29.89452342720074,0.3838681115788285,False
2004-04-01,9,530.661816,1067.819013,-537.157197,31.716256929677765,0.4273904539334472,False
2004-05-01,9,488.019958,1068.786921,-580.7669629999999,27.166474836848884,0.318693340105455,False
2004-06-01,9,515.963193,1103.232334,-587.269141,39.53666433653562,0.6142248334137993,False
2004-07-01,9,585.121402,1066.828876,-481.70747400000005,39.1704217362671,0.6054750707223524,False
2004-08-01,9,565.89745,1081.571835,-515.6743849999999,25.781746300021812,0.2856113172047107,False
2004-09-01,9,569.047882,1104.276834,-535.228952,23.23435502042994,0.22475256084390444,False
2004-10-01,9,595.426176,1028.530524,-433.10434799999996,26.841706789883403,0.3109344301953867,False
2004-11-01,9,630.679819,899.303292,-268.6234730000001,35.885378818673686,0.5269933595858362,False
2004-12-01,9,712.798879,1027.983204,-315.18432499999983,35.19664527129607,0.510539088311074,False
2005-01-01,9,618.936823,897.365947,-278.429124,37.80891727664339,0.5729478854186225,False
2005-02-01,9,566.643789,794.397713,-227.75392399999998,26.457667726281887,0.30175949896593635,False
2005-03-01,9,713.822613,1181.278957,-467.45634399999994,31.032708959247636,0.4110600693056111,False
2005-04-01,9,628.249733,1114.16998,-485.9202469999999,18.38985094793404,0.1090143562740128,False
2005-05-01,9,646.820046,1091.274108,-444.454062,32.53967084682223,0.4470623227072231,False
2005-06-01,9,705.418028,1100.793088,-395.37505999999985,36.71867248871761,0.5469012617791459,False
2005-07-01,9,675.634251,1063.197652,-387.5634010000001,15.46907166455005,0.03923512910336959,False
2005-08-01,9,702.270759,1104.317136,-402.0463769999999,24.098590477833028,0.24539968151273672,False
2005-09-01,9,727.373571,1175.606199,-448.2326280000001,27.822911570032005,0.3343760204738497,False
2005-10-01,9,714.726981,1187.436327,-472.70934599999987,20.036204286725876,0.14834675783008042,False
2005-11-01,9,650.127322,1003.382777,-353.255455,3.083577817796024,-0.25666199454095456,False
2005-12-01,9,732.98763,1156.47177,-423.48414000000014,2.8323208123339327,-0.26266468011260846,False
2006-01-01,9,706.548739,932.725612,-226.176873,14.15522760066903,0.007846580190445126,False
2006-02-01,9,636.494486,973.223334,-336.72884799999997,12.327091261914468,-0.035828729890864976,False
2006-03-01,9,764.706886,1252.423785,-487.7168989999999,7.128419872571334,-0.16002821114786983,False
2006-04-01,9,779.442502,1028.318084,-248.875582,24.065711620445683,0.24461418523378317,False
2006-05-01,9,920.310853,1163.45156,-243.14070700000002,42.28236411213513,0.6798213026416844,False
2006-06-01,9,893.17943,1199.475681,-306.29625099999987,26.61704047064699,0.30556701259667424,False
2006-07-01,9,1019.10961,1233.72431,-214.61470000000008,50.837469902040255,0.8842080818066722,False
2006-08-01,9,1022.582772,1243.285105,-220.70233299999995,45.61089991218046,0.7593420856937623,False
2006-09-01,9,896.528213,1308.469116,-411.94090299999993,23.25553865910259,0.2252586510999018,False
2006-10-01,9,770.735529,1275.855694,-505.12016500000004,7.836355627940117,-0.14311518722404026,False
2006-11-01,9,870.705143,1314.498919,-443.79377599999987,33.92840348893997,0.48024000616482015,False
2006-12-01,9,860.505837,1306.65903,-446.153193,17.397047614568905,0.08529566937125109,False
2007-01-01,9,701.370782,1320.6709,-619.3001180000001,-0.7328520616042056,-0.3478388695107597,False
2007-02-01,9,578.639932,995.454626,-416.8146939999999,-9.089560910980143,-0.5474858228142372,False
2007-03-01,9,736.39802,1373.197824,-636.7998040000001,-3.7019237721366727,-0.41877183269418067,False
2007-04-01,9,712.350938,1370.088972,-657.738034,-8.607634793823438,-0.5359723092119419,False
2007-05-01,9,732.874978,1468.946268,-736.0712899999999,-20.36658313753471,-0.8169008725003766,False
2007-06-01,9,683.463299,1427.541175,-744.0778760000001,-23.479731390589688,-0.8912759135730214,False
2007-07-01,9,745.864789,1512.51567,-766.650881,-26.812113075844714,-0.9708885772061641,False
2007-08-01,9,771.400785,1552.891532,-781.490747,-24.563487071929657,-0.9171675084346775,False
2007-09-01,9,756.679149,1502.216306,-745.537157,-15.598958512641925,-0.7029993655781195,False
2007-10-01,9,766.623082,1409.190218,-642.567136,-0.533574338442111,-0.3430780012063031,False
2007-11-01,9,817.205016,1428.698009,-611.492993,-6.144459743934238,-0.47712553076994274,False
2007-12-01,9,759.064675,1391.571959,-632.5072840000001,-11.788550133913855,-0.6119663479910687,False
2008-01-01,9,940.334535,1421.53736,-481.2028250000001,34.070959203430284,0.48364575052985415,False
2008-02-01,9,547.214981,1039.127412,-491.9124310000001,-5.430829996710296,-0.4600764738519635,False
2008-03-01,9,374.438203,956.139227,-581.701024,-49.152741746915616,-1.504620041285675,False
2008-04-01,9,413.560595,1130.503193,-716.9425980000001,-41.94426188851317,-1.3324049901669555,False
2008-05-01,9,469.545719,1105.146253,-635.6005339999999,-35.930993266903435,-1.1887442762018594,False
2008-06-01,9,450.836092,1082.216314,-631.380222,-34.03653236982371,-1.143484431318932,False
2008-07-01,9,644.853376,1235.792525,-590.939149,-13.542858503272226,-0.6538778621301962,False
2008-08-01,9,471.759838,1055.27154,-583.511702,-38.843744111564526,-1.258331698995959,False
2008-09-01,9,462.941995,1275.144653,-812.202658,-38.819247813051604,-1.2577464672434273,False
2008-10-01,9,460.849785,1082.123349,-621.273564,-39.88574100877385,-1.2832256506256192,False
2008-11-01,9,372.754844,1183.308102,-810.5532579999999,-54.386618204506966,-1.629660593440719,False
2008-12-01,9,359.452703,799.968285,-440.51558200000005,-52.645312733068494,-1.5880597265911665,False
2009-01-01,9,275.255942,584.8594,-309.60345800000005,-70.72787058703528,-2.0200632400015848,False
2009-02-01,9,421.545075,555.776871,-134.23179600000003,-22.965362858002603,-0.8789873305606001,False
2009-03-01,9,467.583447,810.841433,-343.2579860000001,24.875999097773693,0.2639724552255131,False
2009-04-01,9,317.655753,999.099662,-681.443909,-23.19003385706996,-0.884354859963374,False
2009-05-01,9,294.487275,864.54121,-570.0539349999999,-37.28251305811607,-1.2210329215894637,False
2009-06-01,9,366.637501,1181.888707,-815.2512060000001,-18.676098141672306,-0.7765141383072408,False
2009-07-01,9,362.615413,1003.136279,-640.520866,-43.76777318755947,-1.3759698051833658,False
2009-08-01,9,320.938453,891.760105,-570.821652,-31.969950142301006,-1.0941125011832025,False
2009-09-01,9,378.768568,846.405591,-467.63702299999994,-18.182283722175608,-0.7647166057945217,False
2009-10-01,9,447.472662,786.307344,-338.83468199999993,-2.902707874757926,-0.39967806960881397,False
2009-11-01,9,376.201354,656.205444,-280.0040900000001,0.9246050200222289,-0.308241192657066,False
2009-12-01,9,465.057,724.285645,-259.22864500000003,29.379191231175696,0.37155650604966456,False
2010-01-01,9,291.48887,764.467223,-472.97835299999997,5.897394215017537,-0.18943817700869783,False
2010-02-01,9,308.848046,611.191447,-302.34340100000003,-26.734277230021007,-0.9690290306123321,False
2010-03-01,9,334.57694,1080.900527,-746.3235870000001,-28.445512315152598,-1.0099114972975336,False
2010-04-01,9,385.106614,867.31895,-482.212336,21.233949129830478,0.17696162440864296,False
2010-05-01,9,337.306406,672.309098,-335.00269199999997,14.54023132238904,0.01704455770017256,False
2010-06-01,9,321.352945,762.66834,-441.31539499999997,-12.351315911898498,-0.6254111711891972,False
2010-07-01,9,291.340552,908.542271,-617.201719,-19.655772602252842,-0.7999191683028398,False
2010-08-01,9,265.488137,957.659332,-692.1711949999999,-17.277554459951226,-0.7431020630333376,False
2010-09-01,9,280.657038,659.566832,-378.909794,-25.90276445536527,-0.9491636751135181,False
2010-10-01,9,338.047527,733.717943,-395.670416,-24.454038043557624,-0.9145527033181712,False
2010-11-01,9,299.908296,859.86847,-559.960174,-20.279846733353324,-0.8148286860514486,False
2010-12-01,9,326.453314,918.940584,-592.48727,-29.80359095766756,-1.0423568377074586,False
2011-01-01,9,301.755228,920.369662,-618.614434,3.522041167472345,-0.24618683338888786,False
2011-02-01,9,272.169194,903.006364,-630.83717,-11.876018797930165,-0.6140560285812554,False
2011-03-01,9,381.063961,1059.871032,-678.807071,13.894269282276305,0.0016121242406968081,False
2011-04-01,9,333.807944,893.965664,-560.1577199999999,-13.320641125109312,-0.6485689512514086,False
2011-05-01,9,313.669828,971.543249,-657.873421,-7.007450074932753,-0.4977429045973293,False
2011-06-01,9,370.373383,1029.041378,-658.6679949999999,15.254392020586582,0.0341062993659566,False
2011-07-01,9,336.302821,981.764735,-645.461914,15.432890715467584,0.03837074380741878,False
2011-08-01,9,390.025787,849.319822,-459.29403500000006,46.90893213055316,0.7903528798184394,False
2011-09-01,9,385.205264,1008.449724,-623.2444599999999,37.25123971414534,0.5596246228417816,False
2011-10-01,9,339.250265,1327.566641,-988.3163759999999,0.35578961652928953,-0.3218305451577139,False
2011-11-01,9,415.575615,954.405996,-538.830381,38.5675623324538,0.5910723859560086,False
2011-12-01,9,353.356496,997.958015,-644.601519,8.24105035735676,-0.13344677933735868,False
2012-01-01,9,373.11564,1189.301755,-816.186115,23.648442637752744,0.23464537064370591,False
2012-02-01,9,396.2812,1518.603226,-1122.3220259999998,45.60104844194821,0.7591067279646755,False
2012-03-01,9,434.121449,1253.950739,-819.8292900000001,13.923512436275743,0.0023107613125637116,False
2012-04-01,9,416.483307,1233.110211,-816.626904,24.7673443625416,0.2613766262643661,False
2012-05-01,9,413.53383,1158.555007,-745.0211769999999,31.83729931461563,0.43028223152304657,False
2012-06-01,9,471.266401,1010.946183,-539.679782,27.240893279849978,0.32047124282799233,False
2012-07-01,9,426.823774,1008.770012,-581.946238,26.916501244573276,0.3127213160701941,False
2012-08-01,9,461.723628,786.395909,-324.67228099999994,18.382846311646574,0.10884701117213147,False
2012-09-01,9,687.708349,786.579595,-98.87124600000004,78.53036115311238,1.5458084158728709,False
2012-10-01,9,599.011255,870.059345,-271.04809,76.56913399905523,1.4989534837337906,False
2012-11-01,9,556.237068,806.629061,-250.39199299999996,33.847378893970955,0.4783042783777476,False
2012-12-01,9,480.953228,872.852553,-391.8993249999999,36.10991546622084,0.5323576792475309,False
2013-01-01,9,427.699118,1000.727958,-573.02884,14.629104799788074,0.01916780015267557,False
2013-02-01,9,408.509257,727.927689,-319.418432,3.085702021695691,-0.2566112459933615,False
2013-03-01,9,435.425879,926.753886,-491.32800699999996,0.3004758237596272,-0.32315202594652326,False
2013-04-01,9,501.828557,1590.296381,-1088.467824,20.491877721284023,0.1592330785755566,False
2013-05-01,9,361.507637,1922.029669,-1560.522032,-12.580879537715218,-0.6308955884771145,False
2013-06-01,9,386.317572,1458.013687,-1071.696115,-18.025649360901497,-0.760974513832882,False
2013-07-01,9,355.188206,1750.684917,-1395.496711,-16.783406258902545,-0.7312965562724875,False
2013-08-01,9,388.37865,932.038724,-543.660074,-15.885038917696459,-0.7098340037470953,False
2013-09-01,9,405.086981,1242.086644,-836.999663,-41.09610831553246,-1.3121420756833784,False
2013-10-01,9,354.995401,1042.409381,-687.4139799999999,-40.73643891716191,-1.3035493508588756,False
2013-11-01,9,331.487497,954.944348,-623.4568509999999,-40.40535662394941,-1.2956395896928465,False
2013-12-01,9,336.602288,1039.297255,-702.6949669999999,-30.013508922742904,-1.0473719079852852,False
2014-01-01,9,367.739406,1182.230684,-814.4912780000002,-14.019133890287804,-0.6652563762875006,False
2014-02-01,9,425.244751,905.853205,-480.608454,4.096723321009099,-0.2324573205939001,False
2014-03-01,9,485.986766,1233.30877,-747.3220040000001,11.611824064320242,-0.05291690651296518,False
2014-04-01,9,464.395499,1228.380258,-763.9847589999999,-7.459331972612315,-0.5085386431770521,False
2014-05-01,9,425.318736,1450.344594,-1025.025858,17.651383392489727,0.0913719087249476,False
2014-06-01,9,359.974989,1163.446957,-803.4719680000001,-6.818893291242778,-0.493238166180935,False
2014-07-01,9,384.609179,1040.15635,-655.5471709999999,8.283206622012674,-0.13243964004928396,False
2014-08-01,9,347.106289,1305.347309,-958.2410199999999,-10.626835692435721,-0.5842122700364346,False
2014-09-01,9,342.182944,1238.711371,-896.5284270000001,-15.528525958724892,-0.7013166882159702,False
2014-10-01,9,337.315676,1317.834055,-980.5183790000001,-4.980268744382976,-0.4493122863081476,False
2014-11-01,9,270.232994,1083.237527,-813.004533,-18.478676738748913,-0.7717976186437017,False
2014-12-01,9,355.846344,974.162624,-618.31628,5.717149492459783,-0.19374433513342104,False
2015-01-01,9,417.613338,864.829603,-447.216265,13.562302866176923,-0.006318759169016035,False
2015-02-01,9,319.602922,980.469545,-660.8666230000001,-24.842594470966205,-0.9238355571685121,False
2015-03-01,9,280.497069,1476.226198,-1195.729129,-42.28298204317768,-1.3404972245764748,False
2015-04-01,9,292.824731,1214.399851,-921.57512,-36.94496789255057,-1.2129687583976945,False
2015-05-01,9,326.05267,1129.75664,-803.70397,-23.339217767260557,-0.8879189560313704,False
2015-06-01,9,345.704358,1252.162909,-906.4585509999999,-3.9643395891596156,-0.42504110918945853,False
2015-07-01,9,375.374037,1202.968652,-827.594615,-2.4011756620088365,-0.3876961542323575,False
2015-08-01,9,317.6502,1392.143373,-1074.493173,-8.48618706531129,-0.53307084771315,False
2015-09-01,9,362.537778,1198.184791,-835.6470129999999,5.948523839925812,-0.1882166585831458,False
2015-10-01,9,365.086796,1090.750413,-725.6636169999999,8.23297640042082,-0.1336396711722207,False
2015-11-01,9,321.583834,1308.451126,-986.8672919999999,19.00243165717952,0.12364928905170278,False
2015-12-01,9,306.019306,1290.252459,-984.2331530000001,-14.002402677488245,-0.6648566572449072,False
2016-01-01,9,325.494598,1304.186031,-978.691433,-22.05838071196854,-0.857318965009026,False
2016-02-01,9,321.932156,797.613663,-475.68150699999995,0.7287899576838175,-0.3129193358485347,False
2016-03-01,9,310.269203,824.060197,-513.790994,10.614062423589887,-0.07675405045148712,False
2016-04-01,9,283.266968,836.354402,-553.087434,-3.2639876308807936,-0.4083092668780045,False
2016-05-01,9,341.792474,1026.558069,-684.7655949999998,4.827380803230374,-0.2150014605342594,False
2016-06-01,9,521.760786,966.807074,-445.0462879999999,50.92687550094466,0.8863440369717095,False
2016-07-01,9,415.759937,706.877219,-291.117282,10.758842119919976,-0.07329517378203566,False
2016-08-01,9,486.783286,1158.090348,-671.307062,53.24507461352142,0.9417272504255727,False
2016-09-01,9,434.681742,1002.718406,-568.036664,19.899709320775937,0.1450858085036955,False
2016-10-01,9,478.736328,1271.077545,-792.3412170000001,31.129455582940334,0.41337140610228407,False
2016-11-01,9,550.365897,1198.372053,-648.006156,71.14227731982324,1.3693025144883795,False
2016-12-01,9,557.381976,1492.241672,-934.8596960000001,82.13948109535288,1.6320325279680226,False
2017-01-01,9,667.44323,1096.142284,-428.69905400000005,105.05508665922622,2.1795005463462367,False
2017-02-01,9,659.935714,1204.70257,-544.766856,104.99217046215162,2.177997439407155,False
2017-03-01,9,758.748202,1421.098293,-662.350091,144.54512232076092,3.1229419714067554,True
2017-04-01,9,628.861467,1395.377506,-766.5160390000001,122.00310591808923,2.584399229613555,False
2017-05-01,9,703.219896,1696.61445,-993.3945540000001,105.74469875542079,2.1959758066966977,False
2017-06-01,9,631.117135,1364.873167,-733.756032,20.95909695290896,0.17039523556821962,False
2017-07-01,9,739.417269,1683.398288,-943.9810190000001,77.8471668856348,1.529486481427771,False
2017-08-01,9,915.750203,1526.932818,-611.1826149999999,88.12277030399112,1.7749770151781288,False
2017-09-01,9,723.787095,1332.591698,-608.8046029999999,66.50966099238649,1.258626439460857,False
2017-10-01,9,586.400803,1389.26829,-802.867487,22.489305428269056,0.2069528643586036,False
2017-11-01,9,666.317916,1445.73561,-779.417694,21.068169309189578,0.17300104175502756,False
2017-12-01,9,641.475944,1606.330364,-964.8544199999999,15.087313838795534,0.03011469805983256,False
2018-01-01,9,875.312193,1291.796192,-416.48399900000004,31.144066439927776,0.4137204685304807,False
2018-02-01,9,735.339968,1086.613672,-351.27370399999995,11.425999896711158,-0.05735636103770656,False
2018-03-01,9,967.333256,1686.736773,-719.4035170000001,27.490681816469078,0.32643884576893495,False
2018-04-01,9,1082.241138,1557.045429,-474.8042909999999,72.09531745725488,1.3920712339978984,False
2018-05-01,9,1418.884664,1539.665006,-120.78034200000002,101.76969850693757,2.1010105873389,False
2018-06-01,9,604.936459,1453.759649,-848.8231900000001,-4.148306954144088,-0.42943620354878426,False
2018-07-01,9,502.723452,1613.557713,-1110.834261,-32.01085867525229,-1.0950898313875985,False
2018-08-01,9,467.141061,1364.747113,-897.6060519999999,-48.988156435057874,-1.5006879961871606,False
2018-09-01,9,470.917747,1149.489998,-678.572251,-34.936979361313426,-1.1649966679784192,False
2018-10-01,9,489.92447,1148.930037,-659.0055670000002,-16.452285281062284,-0.7233858709067273,False
2018-11-01,9,492.040617,1254.07491,-762.034293,-26.15527735562193,-0.9551963647901283,False
2018-12-01,9,587.075314,1150.677705,-563.602391,-8.480540932022851,-0.5329359580898186,False
2019-01-01,9,507.94974,1209.674563,-701.724823,-41.96930603022001,-1.3330033102329042,False
2019-02-01,9,413.207046,938.204535,-524.997489,-43.80734572012275,-1.3769152175105346,False
2019-03-01,9,473.940611,1398.181968,-924.2413570000001,-51.005446358808946,-1.5488823026379328,False
2019-04-01,9,525.276391,1445.162019,-919.8856280000001,-51.46401549928885,-1.5598378035924318,False
2019-05-01,9,600.993604,1534.010993,-933.0173890000001,-57.64323773112541,-1.7074632521520536,False
2019-06-01,9,526.43143,1136.21042,-609.7789900000001,-12.977400821529928,-0.6403687276830473,False
2019-07-01,9,613.961817,1252.488734,-638.526917,22.12714854607578,0.19830071200401087,False
2019-08-01,9,655.276457,968.736811,-313.46035399999994,40.273787022117524,0.6318351511883972,False
2019-09-01,9,426.32906,986.332836,-560.003776,-9.468466050399238,-0.5565381014133296,False
2019-10-01,9,408.884058,1166.7263,-757.842242,-16.541409331932332,-0.7255150997147405,False
2019-11-01,9,447.851115,1380.419042,-932.567927,-8.98086468337227,-0.5448890025745188,False
2019-12-01,9,483.724574,1378.441793,-894.7172189999999,-17.60434096535697,-0.7509091951664403,False
2020-01-01,9,473.242368,1095.706815,-622.4644470000001,-6.832835862855258,-0.4935712628573682,False
2020-02-01,9,435.887925,1223.625596,-787.7376710000001,5.488986506778981,-0.19919529026047425,False
2020-03-01,9,329.42701,872.592653,-543.165643,-30.49192190875578,-1.0588014907073666,False
2020-04-01,9,84.792344,396.898412,-312.106068,-83.85757565867833,-2.3337400310175247,False
2020-05-01,9,236.091714,411.430368,-175.338654,-60.71643484578581,-1.780883835769587,False
2020-06-01,9,234.062549,1221.811145,-987.7485959999999,-55.537884772571424,-1.6571650652246541,False
2020-07-01,9,262.385045,1075.381143,-812.9960980000001,-57.263621656133054,-1.698393988861529,False
2020-08-01,9,248.504644,1849.270772,-1600.766128,-62.07636618936243,-1.813373438356047,False
2020-09-01,9,289.323955,1608.384195,-1319.06024,-32.135999596180476,-1.0980795255419868,False
2020-10-01,9,296.855748,1287.214805,-990.3590570000001,-27.398551694084382,-0.9848989592287225,False
2020-11-01,9,225.371865,1966.844171,-1741.472306,-49.67705617970829,-1.5171462380177672,False
2020-12-01,9,308.572318,2032.665355,-1724.093037,-36.20908785998539,-1.1953881283737737,False
2021-01-01,9,279.117516,2527.121893,-2248.004377,-41.02017594502443,-1.310328004294476,False
2021-02-01,9,288.357445,2111.185932,-1822.8284869999998,-33.84596625382545,-1.1389316887084522,False
2021-03-01,9,336.847568,3902.902636,-3566.0550679999997,2.2525651433378258,-0.27651540233612304,False
2021-04-01,9,411.209184,2509.139592,-2097.930408,384.9602742436274,8.866608943001367,True
2021-05-01,9,308.974557,1588.178947,-1279.20439,30.87056371660719,0.40718631897287866,False
2021-06-01,9,360.084778,1009.067668,-648.98289,53.84126146554098,0.9559705237943924,False
2021-07-01,9,313.995281,845.69126,-531.6959790000001,19.669656096444065,0.13958969440383315,False
2021-08-01,9,319.646817,1150.947172,-831.3003549999999,28.628106040545465,0.35361261537649774,False
2021-09-01,9,324.023314,2254.589234,-1930.56592,11.993254758321005,-0.043804290849758225,False
2021-10-01,9,387.162648,2465.143886,-2077.981238,30.421139091435066,0.3964492861562008,False
2021-11-01,9,399.543687,1731.680517,-1332.13683,77.28197217518698,1.5159836295278182,False
2021-12-01,9,399.38557,1868.721928,-1469.336358,29.43013572591433,0.3727736016007334,False
2022-01-01,9,427.71273,1690.717256,-1263.004526,53.237509465367985,0.9415465143478481,False
2022-02-01,9,379.79936,1396.563407,-1016.7640470000001,31.711307124392096,0.42727220001763644,False
2022-03-01,9,716.036992,1339.839735,-623.802743,112.57003464546314,2.3590373109660008,False
2022-04-01,9,517.441172,1580.063247,-1062.622075,25.83405043793965,0.2868608954739406,False
2022-05-01,9,513.972103,2964.36782,-2450.395717,66.34771095407702,1.2547573526805653,False
2022-06-01,9,555.114658,2780.988697,-2225.874039,54.16221176669678,0.963638225391101,False
2022-07-01,9,440.710166,2537.281188,-2096.571022,40.355665408869655,0.6337912765902876,False
2022-08-01,9,549.4983,2035.177187,-1485.678887,71.90795302053641,1.387594981489585,False
2022-09-01,9,487.195782,2391.505012,-1904.30923,50.358249221535935,0.8727592027626391,False
2022-10-01,9,580.598408,1765.257636,-1184.659228,49.96240236480662,0.863302176037738,False
2022-11-01,9,639.108564,1798.405962,-1159.2973980000002,59.95962013535707,1.1021419041384521,False
2022-12-01,9,645.819884,1418.927038,-773.107154,61.703359487925425,1.1438009179165436,False
2023-01-01,9,563.814474,1053.67074,-489.856266,31.820830771158004,0.4298887878138156,False
2023-02-01,9,454.724853,1667.338946,-1212.6140930000001,19.727651199833506,0.14097523336503398,False
2023-03-01,9,854.925112,1183.607759,-328.682647,19.3967799920594,0.13307051516094395,False
2023-04-01,9,638.171101,1121.465642,-483.29454099999987,23.33210721005401,0.22708792123385582,False
2023-05-01,9,657.948862,1585.30788,-927.3590180000001,28.012562969784383,0.33890690994633976,False
2023-06-01,9,759.357513,1669.138604,-909.781091,36.79291332998815,0.5486749214862754,False
2023-07-01,9,449.301363,1308.22226,-858.920897,1.9493984170993572,-0.2837582433070658,False
2023-08-01,9,658.409794,1516.458684,-858.0488899999999,19.820169416356713,0.1431855508939627,False
2023-09-01,9,698.722502,1365.169453,-666.446951,43.417190340124904,0.7069330045126854,False
2023-10-01,9,904.950427,1852.775,-947.8245730000001,55.8651237293782,1.0043218475228903,False
2023-11-01,9,826.175625,1310.008553,-483.8329279999999,29.269997546144587,0.36894780124381643,False
2023-12-01,9,860.625603,1178.02238,-317.39677700000016,33.260933012709785,0.46429372283710446,False
2024-01-01,9,745.331303,1906.830778,-1161.499475,32.194425182493625,0.4388141898277835,False
2024-02-01,9,647.619828,1632.160698,-984.5408699999999,42.420152258535126,0.6831131468504421,False
2024-03-01,9,719.227636,2029.873432,-1310.6457960000002,-15.872440064668503,-0.7095330093403873,False
2024-04-01,9,931.705729,2261.703196,-1329.997467,45.996226958575484,0.7685477876303494,False
2024-05-01,9,854.471989,2466.645245,-1612.173256,29.86905796943229,0.3832597260110665,False
2024-06-01,9,676.158745,623.256007,52.902738,-10.956468669323627,-0.5920874061372862,False
2024-07-01,9,887.68553,821.171831,66.51369899999997,97.57018409044977,2.00068158536961,False
2024-08-01,9,664.389477,1997.089407,-1332.6999299999998,0.9082007975112161,-0.3086330996990207,False
2024-09-01,9,666.117282,1681.516275,-1015.3989929999999,-4.666404746758812,-0.44181388089439505,False
2024-10-01,9,1135.716058,1526.192633,-390.4765749999999,25.500361579474664,0.2788888618486666,False
2024-11-01,9,1031.130973,1857.311103,-826.18013,24.807721481737023,0.2623412606648023,False
2024-12-01,9,754.936393,1739.242472,-984.306079,-12.280509623648738,-0.6237195650822251,False
2025-01-01,9,984.527116,1459.076538,-474.54942200000005,32.092548915794005,0.43638030268068845,False
2025-02-01,9,992.175862,2000.111125,-1007.9352629999998,53.203441139853446,0.9407326009381884,False
2025-03-01,9,998.732501,2590.159397,-1591.426896,38.861808280125665,0.5981021039985333,False
2025-04-01,9,1086.673088,3108.790036,-2022.1169479999999,16.632650651008273,0.06703375219308998,False
2025-05-01,9,855.495181,3266.571647,-2411.0764660000004,0.11974552860385401,-0.3274697847015363,False
2025-06-01,9,910.455963,1538.854579,-628.3986160000001,34.65121463451606,0.49750841237940774,False
2025-07-01,9,1019.579678,2033.474592,-1013.8949140000001,14.858206374052308,0.02464117874265726,False
2025-08-01,9,1028.61541,1761.223531,-732.608121,54.821147174791875,0.9793806006516432,False
2025-09-01,9,1508.398037,1609.795896,-101.39785900000015,126.44631474971999,2.690550242185021,False
2025-10-01,9,1492.905481,3180.413769,-1687.5082879999998,31.450591940120297,0.4210435526927142,False
2025-11-01,9,1177.98863,2752.940386,-1574.9517560000002,14.242386354929138,0.00992885684449617,False
2025-12-01,9,1489.371741,2227.781635,-738.4098939999999,97.28440101840474,1.9938540506704967,False
2026-01-01,9,1784.710585,2522.979998,-738.2694129999998,81.27591977872959,1.611401512940204,False
2026-02-01,9,1341.667459,3071.686866,-1730.019407,35.22476310757094,0.5112108408451094,False
2026-03-01,9,1616.624419,3495.919543,-1879.295124,61.86760893245429,1.1477249389364246,False
2026-04-01,9,1508.402576,2776.081132,-1267.6785559999998,38.809232754276145,0.5968460421034286,False
2026-05-01,9,1484.392133,2349.72753,-865.3353970000001,73.51262356204904,1.4259315551866287,False
2026-06-01,9,1240.147885,2031.973563,-791.8256779999999,36.21173734901444,0.5347902671294079,False
2026-07-01,9,1182.758794,2705.766792,-1523.0079979999998,16.004547709315965,0.05202798366267316,False
